user_id,sex,age_group,occupation,zip_code
1,0,0,10,1588
2,1,6,16,2248
3,1,2,15,1863
4,1,4,7,140
5,1,2,20,1938
6,0,5,9,1863
7,1,3,1,294
8,1,2,12,488
9,1,2,17,2106
10,0,3,1,3188
11,0,2,1,224
12,1,2,12,1165
13,1,4,1,3009
14,1,3,0,2026
15,1,2,7,904
16,0,3,0,801
17,1,5,1,3187
18,0,1,3,3227
19,1,0,10,1591
20,1,2,14,1860
21,1,1,16,3429
22,1,1,15,1792
23,1,3,0,2764
24,0,2,7,416
25,1,1,4,42
26,1,2,7,913
27,1,2,11,731
28,0,2,1,615
29,1,3,7,1213
30,0,3,7,734
31,1,6,7,296
32,0,2,0,746
33,1,4,3,1915
34,0,1,0,101
35,1,4,1,149
36,1,2,3,3068
37,0,2,9,2212
38,0,1,4,120
39,1,1,4,2112
40,1,4,0,441
41,0,1,4,637
42,1,2,8,947
43,1,2,12,2078
44,1,4,17,3343
45,0,4,16,3057
46,1,1,19,2361
47,1,1,4,3077
48,1,2,4,2916
49,1,1,12,2416
50,0,2,2,3369
51,0,0,10,443
52,1,1,4,2278
53,1,2,0,3264
54,1,5,1,1966
55,0,3,12,1876
56,1,3,20,2047
57,1,1,19,1103
58,1,2,2,1086
59,0,5,1,1908
60,1,5,1,2275
61,1,2,17,3171
62,0,3,3,3353
63,1,1,4,1824
64,1,1,1,1792
65,1,3,12,1943
66,1,2,18,1972
67,0,5,5,2034
68,1,1,4,1792
69,0,2,1,108
70,1,1,4,1789
71,1,2,14,3153
72,0,4,0,1868
73,1,1,4,1792
74,1,3,14,3096
75,0,0,10,50
76,1,3,7,1908
77,1,1,4,651
78,0,4,1,3334
79,0,4,0,3352
80,1,6,1,1686
81,0,2,0,2087
82,1,2,17,1654
83,0,2,2,3120
84,1,1,4,1763
85,1,1,4,3145
86,0,0,10,1811
87,1,2,14,1651
88,0,4,1,147
89,0,6,9,2681
90,1,6,13,2681
91,1,3,7,330
92,0,1,4,1439
93,1,2,17,3227
94,1,2,17,1019
95,1,4,0,3379
96,0,2,16,2451
97,0,3,3,2211
98,0,3,7,1219
99,0,0,10,750
100,1,3,17,3191
101,0,1,3,1207
102,1,3,19,820
103,1,4,7,2913
104,1,2,12,5
105,1,4,12,2786
106,0,3,11,2505
107,1,4,18,2153
108,1,2,12,1092
109,1,4,15,2899
110,1,2,2,2814
111,1,3,15,1911
112,1,2,16,3286
113,1,1,12,1279
114,0,2,2,2600
115,1,2,17,1003
116,1,2,17,1942
117,1,2,17,1207
118,1,3,17,892
119,0,0,10,2433
120,1,2,11,965
121,1,3,7,2355
122,0,1,4,3077
123,1,3,9,2221
124,1,6,7,2848
125,1,4,14,44
126,1,1,9,3362
127,0,4,3,53
128,1,6,6,1313
129,1,2,11,792
130,1,3,17,1720
131,1,1,4,289
132,1,2,17,3435
133,0,2,0,1841
134,1,2,0,2212
135,1,1,4,775
136,1,1,2,847
137,0,4,6,2499
138,1,1,20,878
139,0,2,20,1508
140,0,3,1,1854
141,1,3,13,2120
142,1,2,7,405
143,1,1,3,2169
144,1,2,17,1036
145,1,1,4,715
146,0,3,20,456
147,1,1,4,2849
148,1,5,17,1973
149,1,2,1,1032
150,1,3,7,3371
151,0,2,20,2632
152,1,1,4,1600
153,1,0,10,1740
154,1,5,20,3096
155,1,3,12,325
156,0,4,7,613
157,1,3,16,554
158,1,6,7,1024
159,0,4,0,1313
160,1,3,7,556
161,1,4,16,3355
162,0,1,4,3008
163,1,1,4,2632
164,0,6,13,3109
165,1,1,16,3399
166,1,1,4,2984
167,0,2,11,415
168,0,5,0,1567
169,1,2,7,1929
170,1,2,11,303
171,0,5,17,1930
172,1,2,3,332
173,1,2,0,1491
174,1,2,16,848
175,0,2,2,3172
176,0,1,3,1832
177,1,5,1,1805
178,1,6,17,1791
179,1,2,0,101
180,1,4,12,37
181,1,1,17,1201
182,1,1,4,184
183,0,4,1,1902
184,0,2,0,700
185,1,4,0,612
186,1,1,5,2874
187,0,4,1,3042
188,1,6,16,2517
189,1,1,0,2015
190,1,2,17,1871
191,1,1,4,246
192,1,1,1,458
193,0,4,15,1423
194,0,0,10,1030
195,1,2,12,431
196,0,3,9,3113
197,1,1,14,416
198,1,2,12,1855
199,1,1,4,2599
200,0,1,4,2628
201,0,3,2,1863
202,1,1,4,1792
203,0,1,4,1797
204,1,2,7,2927
205,1,3,12,3305
206,1,2,17,797
207,1,2,12,3061
208,1,3,17,1923
209,1,3,1,2763
210,0,0,10,953
211,1,4,17,2802
212,1,2,16,1796
213,0,1,4,42
214,1,1,20,2541
215,1,3,14,2907
216,1,4,13,1753
217,1,1,4,904
218,1,3,14,3225
219,0,2,4,1860
220,1,2,12,904
221,0,2,0,3044
222,1,2,1,1862
223,1,2,17,1012
224,0,1,4,631
225,1,2,7,473
226,1,3,1,3089
227,1,3,20,2789
228,1,2,15,1938
229,1,1,10,242
230,1,4,1,1386
231,1,2,3,1938
232,1,2,20,1903
233,0,4,20,1311
234,1,3,7,1341
235,1,2,0,3372
236,1,2,5,1872
237,1,2,6,1563
238,0,5,7,2789
239,1,1,19,3125
240,1,5,17,1860
241,1,3,20,1867
242,0,1,4,1792
243,1,2,16,496
244,1,5,7,714
245,1,3,16,2203
246,0,1,4,2082
247,1,2,17,3083
248,1,1,17,2284
249,0,1,14,1608
250,1,3,16,478
251,1,6,17,1852
252,1,2,12,3059
253,0,2,11,3309
254,1,3,17,1676
255,1,3,0,2666
256,1,4,16,1843
257,1,1,18,1860
258,1,2,7,1927
259,1,2,1,2079
260,1,1,19,3368
261,1,2,20,2366
262,0,2,1,2238
263,0,2,7,885
264,1,3,0,810
265,0,3,7,1862
266,1,3,11,2355
267,1,4,12,1828
268,0,1,12,1053
269,1,2,2,1903
270,1,5,14,1909
271,1,1,4,1626
272,1,1,0,2553
273,1,1,4,1919
274,1,1,4,1938
275,1,2,0,1616
276,1,4,16,77
277,0,3,1,3368
278,1,4,18,2054
279,1,2,14,2830
280,1,5,7,727
281,0,3,0,3063
282,1,2,17,3080
283,1,2,0,400
284,1,2,12,2885
285,0,3,0,3056
286,1,2,1,1813
287,1,5,13,3130
288,0,2,12,3276
289,0,2,0,514
290,0,2,20,3114
291,1,3,12,1857
292,1,3,7,752
293,1,6,1,1885
294,0,4,9,1382
295,1,1,0,2535
296,1,5,5,2731
297,1,1,2,3288
298,0,1,4,705
299,1,2,12,3309
300,1,2,7,2478
301,1,1,4,2112
302,1,1,4,245
303,1,2,7,775
304,1,2,0,1909
305,0,1,0,1909
306,1,1,0,1757
307,1,5,16,2749
308,1,2,2,418
309,1,2,4,664
310,0,1,4,1118
311,1,1,4,1117
312,0,5,2,882
313,0,1,4,103
314,0,6,9,1565
315,0,6,1,1852
316,1,6,13,2812
317,1,3,7,1332
318,0,6,13,1851
319,0,5,6,1215
320,1,3,6,3432
321,1,1,4,1874
322,1,6,17,1863
323,1,4,12,1798
324,1,3,17,1853
325,0,5,3,1859
326,1,5,11,952
327,1,3,18,1935
328,1,3,12,2556
329,1,3,7,93
330,1,6,7,2905
331,1,2,7,1947
332,1,5,1,1856
333,1,3,2,1905
334,0,6,2,1860
335,1,3,18,1925
336,1,1,0,3414
337,1,1,19,2536
338,1,3,7,1862
339,1,5,7,2538
340,0,2,3,998
341,0,6,13,2923
342,1,1,12,1843
343,0,3,3,1873
344,1,3,14,2329
345,1,2,12,3060
346,0,2,0,1857
347,0,6,1,1878
348,1,5,7,1857
349,1,0,10,355
350,1,4,20,355
351,1,1,4,1852
352,1,1,4,2024
353,0,3,7,2959
354,1,3,1,1863
355,1,1,3,1854
356,1,6,20,1847
357,1,1,0,3352
358,0,6,1,814
359,1,2,17,1874
360,1,3,17,1007
361,0,2,14,3061
362,1,3,20,1902
363,1,1,10,1914
364,0,3,1,1561
365,0,1,4,103
366,1,5,15,1872
367,1,5,12,1915
368,1,2,0,2791
369,1,3,1,1857
370,1,1,17,885
371,1,1,4,106
372,0,1,4,2279
373,0,2,2,1890
374,0,3,14,1889
375,1,2,2,1853
376,1,3,1,2526
377,1,2,17,1913
378,0,1,0,1852
379,0,3,1,1821
380,1,2,2,2895
381,1,3,17,2707
382,0,3,20,2208
383,0,2,7,2498
384,1,2,11,1842
385,1,2,6,2232
386,1,2,0,1903
387,0,3,7,1858
388,0,2,0,414
389,1,2,6,2231
390,1,2,4,1899
391,1,4,11,873
392,1,1,7,782
393,1,3,17,1896
394,1,1,0,1830
395,1,1,5,1851
396,1,2,1,1958
397,1,3,17,874
398,1,2,17,1937
399,0,3,6,1874
400,0,1,3,1916
401,1,1,0,1875
402,1,2,11,1919
403,1,1,4,103
404,1,1,4,428
405,1,6,1,566
406,1,2,20,1852
407,1,1,17,2734
408,1,2,11,108
409,1,1,12,1868
410,0,2,1,1912
411,0,4,1,1389
412,1,3,15,1863
413,1,2,11,1904
414,1,2,0,1882
415,0,3,0,1901
416,1,4,14,1843
417,0,2,0,1737
418,0,2,3,1805
419,1,1,3,1916
420,1,3,1,1901
421,0,4,3,1871
422,1,6,17,1851
423,1,1,4,1938
424,1,2,17,1859
425,1,2,12,1876
426,1,1,4,1938
427,1,3,12,1851
428,0,1,4,1938
429,1,1,0,1823
430,0,1,10,1879
431,1,1,10,1876
432,1,4,16,1879
433,1,5,6,1861
434,0,4,3,3373
435,1,2,7,1871
436,1,1,4,1376
437,1,3,17,1834
438,1,1,11,1791
439,1,3,14,1875
440,1,6,1,1176
441,1,3,1,1873
442,1,2,1,1852
443,1,2,3,1915
444,1,6,0,1855
445,1,4,12,1863
446,0,5,0,1837
447,0,4,11,1852
448,1,2,17,2531
449,1,2,7,2638
450,1,4,1,948
451,1,6,13,1817
452,1,5,17,1863
453,1,1,4,1848
454,1,2,20,1845
455,0,3,2,1860
456,1,3,0,1852
457,1,1,4,1816
458,1,5,16,1900
459,0,1,4,1852
460,1,4,18,1881
461,1,5,7,1842
462,1,1,16,1911
463,1,2,7,1852
464,0,1,4,1938
465,1,1,19,3093
466,1,2,5,1899
467,0,3,3,1842
468,0,0,10,1844
469,1,3,6,1868
470,0,0,10,1840
471,1,3,7,392
472,1,3,0,1913
473,0,1,4,1859
474,1,2,17,2928
475,0,2,2,1915
476,1,3,0,1873
477,1,3,14,1905
478,1,5,16,1860
479,1,2,12,1837
480,0,1,4,1916
481,1,4,7,1861
482,1,2,14,1878
483,1,1,12,1852
484,0,0,10,1851
485,1,6,7,1837
486,1,6,0,2852
487,0,3,17,1844
488,1,2,12,1854
489,1,1,4,1938
490,1,0,10,1888
491,1,1,4,1955
492,1,2,12,1859
493,1,5,7,1832
494,0,3,0,685
495,1,1,10,1915
496,1,1,4,1938
497,0,2,17,1907
498,1,3,17,1860
499,0,2,1,1855
500,0,1,2,1852
501,1,2,2,1892
502,1,3,6,1872
503,1,3,11,2300
504,1,2,2,668
505,1,3,17,1302
506,1,2,16,1850
507,0,2,0,1899
508,1,2,12,1913
509,1,2,2,1871
510,1,1,12,1856
511,0,4,4,648
512,1,3,0,1893
513,1,2,0,1865
514,1,2,2,1860
515,1,2,1,1901
516,0,6,14,1835
517,0,2,14,1903
518,0,3,12,2357
519,0,3,14,1836
520,0,3,20,1851
521,1,6,7,1852
522,1,2,12,1870
523,1,5,7,1852
524,1,1,0,2837
525,1,3,6,707
526,1,4,17,3136
527,0,2,2,468
528,0,1,17,2603
529,1,3,12,2890
530,1,2,2,412
531,0,1,14,881
532,1,2,7,3075
533,1,2,12,977
534,1,2,15,1947
535,1,3,6,3188
536,1,2,20,19
537,1,4,14,337
538,1,6,16,3195
539,1,2,2,1849
540,1,1,1,646
541,0,1,4,1978
542,1,1,4,2484
543,1,2,5,1838
544,1,3,12,3099
545,1,3,17,68
546,0,2,0,1290
547,1,3,12,2376
548,0,3,16,3262
549,1,2,6,1774
550,1,4,8,857
551,1,3,20,1862
552,1,5,18,930
553,1,2,2,3070
554,1,2,12,3048
555,1,1,4,1772
556,0,2,9,1292
557,1,6,1,1060
558,1,3,20,1855
559,0,2,7,2044
560,1,4,15,2584
561,0,1,14,2172
562,1,3,20,1592
563,1,2,4,1789
564,1,4,1,1691
565,1,2,16,1494
566,1,2,17,2926
567,1,3,20,1752
568,0,5,17,764
569,0,1,4,3306
570,1,2,4,1207
571,1,5,5,3191
572,1,1,4,2111
573,0,3,2,3364
574,1,2,19,2774
575,1,2,12,2930
576,0,4,15,830
577,1,3,0,93
578,1,1,17,2765
579,1,2,5,1173
580,1,0,10,369
581,1,5,14,2304
582,1,1,4,2218
583,0,2,0,1588
584,0,2,0,3082
585,1,1,1,1789
586,1,3,14,1759
587,1,2,20,2967
588,0,2,11,918
589,1,1,2,2771
590,0,3,6,3336
591,1,2,0,2380
592,1,1,0,2912
593,0,5,1,2869
594,0,6,13,2015
595,1,2,7,412
596,0,2,1,75
597,1,3,12,2537
598,1,3,7,3203
599,1,5,6,1794
600,1,3,17,2210
601,0,1,20,273
602,0,6,6,617
603,0,2,6,1141
604,1,4,17,1141
605,0,1,4,1457
606,0,0,10,1704
607,1,2,0,1409
608,1,1,4,687
609,1,2,7,406
610,1,2,4,2400
611,1,3,0,804
612,1,5,7,3156
613,1,3,20,443
614,1,3,1,2746
615,1,5,17,1177
616,1,2,7,3061
617,0,2,7,2922
618,1,2,0,2311
619,0,1,1,3130
620,1,1,0,580
621,1,1,4,3019
622,1,2,0,2954
623,1,2,17,2066
624,1,2,1,2351
625,0,3,12,1423
626,1,1,4,2392
627,1,5,2,3287
628,0,3,0,804
629,0,0,10,1615
630,0,3,14,2563
631,1,3,17,1019
632,1,4,17,329
633,1,2,17,3070
634,0,0,10,1706
635,1,6,17,1232
636,1,1,20,2902
637,1,3,12,3279
638,1,2,6,2441
639,1,4,17,2642
640,1,1,4,1575
641,0,3,0,1862
642,0,3,1,2455
643,1,2,2,917
644,1,2,20,3022
645,1,3,20,473
646,1,3,7,368
647,1,3,12,2648
648,0,2,12,3070
649,1,2,4,2564
650,1,2,17,1695
651,1,3,7,827
652,1,1,20,532
653,1,6,13,2969
654,1,5,7,2328
655,0,2,2,2962
656,0,4,16,2915
657,0,5,13,1252
658,0,2,0,414
659,0,2,0,1005
660,1,4,16,2258
661,1,4,1,570
662,1,1,4,3423
663,0,2,7,537
664,1,3,18,2321
665,1,1,2,587
666,0,1,0,370
667,1,2,18,3392
668,0,2,3,867
669,1,2,17,1089
670,1,2,12,1086
671,1,1,4,2110
672,1,3,7,1564
673,1,2,20,416
674,1,2,17,867
675,1,2,20,82
676,1,1,16,1875
677,1,5,2,3067
678,1,2,0,1257
679,1,3,16,1051
680,1,2,12,1277
681,1,3,7,1104
682,1,2,4,974
683,1,2,4,977
684,1,2,4,974
685,1,2,4,977
686,1,1,4,977
687,0,2,7,601
688,1,6,13,590
689,0,5,0,1597
690,1,2,12,2809
691,1,3,11,3254
692,0,2,0,2644
693,1,3,12,3352
694,1,1,4,2386
695,0,1,1,232
696,1,2,12,3060
697,0,5,6,3303
698,1,1,4,2386
699,1,1,0,2303
700,1,5,17,624
701,0,1,4,7
702,1,3,7,2816
703,0,6,1,1418
704,0,3,8,2674
705,1,2,4,1587
706,1,3,20,2478
707,1,3,7,681
708,1,2,0,1280
709,1,1,0,2965
710,1,2,20,2644
711,1,2,18,2562
712,1,2,0,3179
713,1,3,7,2514
714,1,1,4,2368
715,1,1,0,1797
716,1,1,4,3377
717,1,2,11,2772
718,1,1,2,2772
719,1,0,0,2336
720,1,1,0,1875
721,0,3,9,3320
722,1,2,12,1853
723,1,2,12,3332
724,1,5,13,2783
725,1,6,11,392
726,0,2,9,2428
727,1,3,11,3042
728,1,2,6,498
729,1,3,12,2661
730,1,2,0,445
731,1,4,3,1905
732,1,2,7,307
733,1,3,16,1062
734,1,2,7,2770
735,1,2,14,232
736,1,1,12,313
737,1,0,19,1794
738,1,1,17,3425
739,1,3,12,1943
740,1,2,14,950
741,1,2,5,1422
742,1,1,0,1820
743,0,0,2,2094
744,1,2,17,2394
745,1,0,10,2739
746,0,1,19,3155
747,1,1,4,3403
748,1,2,0,2020
749,1,3,18,1961
750,0,3,9,565
751,0,2,17,3281
752,0,2,3,3312
753,1,0,10,1375
754,1,3,7,1322
755,0,3,0,3030
756,1,3,0,2765
757,1,2,12,3312
758,1,3,7,760
759,0,6,3,2726
760,1,6,15,3060
761,1,1,7,3438
762,1,0,10,2138
763,1,1,10,175
764,1,1,20,2664
765,1,2,17,2320
766,0,2,7,3176
767,1,2,12,1493
768,1,2,12,674
769,1,4,17,131
770,1,1,4,3397
771,0,5,1,2341
772,1,1,12,2717
773,1,2,6,1603
774,1,1,4,904
775,1,0,17,1959
776,0,2,3,2961
777,1,1,19,2697
778,1,1,17,1158
779,1,2,0,2031
780,1,2,17,2877
781,1,1,4,3166
782,1,6,1,1009
783,1,2,4,1789
784,1,1,0,462
785,1,1,19,1034
786,1,2,0,1951
787,1,1,4,2446
788,1,2,0,1295
789,1,1,1,2222
790,1,2,17,1515
791,1,3,7,975
792,1,2,17,7
793,0,3,14,1281
794,1,5,20,441
795,0,3,14,736
796,1,5,6,3384
797,0,5,7,795
798,0,2,20,1658
799,0,2,5,3396
800,0,3,12,2273
801,0,2,20,3219
802,1,2,16,899
803,1,1,4,2223
804,1,2,20,2753
805,1,3,12,1290
806,1,3,0,1258
807,1,1,4,2707
808,1,2,7,2649
809,1,2,17,2259
810,1,2,12,3327
811,1,5,0,3040
812,1,2,6,1317
813,1,1,4,2243
814,0,1,4,2954
815,1,2,4,1284
816,1,4,0,2917
817,1,1,4,1362
818,1,1,4,2023
819,1,3,7,2075
820,1,3,7,2500
821,1,1,2,611
822,0,2,1,334
823,1,2,0,2908
824,1,3,12,3096
825,1,6,1,1338
826,0,3,1,2540
827,1,4,2,1904
828,1,1,4,2266
829,1,0,19,1794
830,1,3,7,2092
831,0,4,0,821
832,1,1,2,757
833,1,3,7,1562
834,0,3,12,2476
835,1,6,0,3147
836,1,2,11,416
837,1,6,7,370
838,1,5,17,2970
839,1,2,0,3352
840,0,2,3,169
841,0,5,14,2923
842,0,1,0,1848
843,1,2,7,1685
844,1,2,0,2925
845,0,1,0,778
846,1,2,5,2539
847,0,2,7,2546
848,1,2,15,3066
849,1,2,3,2324
850,1,3,0,2087
851,1,1,4,2359
852,1,2,5,2914
853,1,2,17,1934
854,0,2,16,1421
855,0,1,2,2283
856,0,4,6,137
857,1,3,17,499
858,1,3,14,407
859,1,2,12,428
860,1,1,0,2464
861,1,2,7,1278
862,1,3,7,412
863,1,2,7,2127
864,0,2,0,3284
865,1,3,1,2869
866,1,0,10,380
867,1,4,12,3220
868,1,5,17,46
869,1,1,20,2897
870,0,2,1,109
871,1,0,10,2368
872,1,5,1,814
873,1,6,6,707
874,1,4,15,956
875,1,0,10,3131
876,1,2,4,1384
877,1,2,0,2804
878,1,1,2,47
879,1,4,16,2892
880,1,3,17,3060
881,1,1,14,2386
882,1,1,2,47
883,0,3,14,2972
884,1,0,10,1696
885,1,3,0,1601
886,0,6,0,629
887,0,6,16,1888
888,0,0,10,380
889,1,4,20,417
890,1,1,4,2932
891,1,2,1,2534
892,1,3,0,2371
893,0,5,6,2633
894,1,1,4,1122
895,1,5,1,1251
896,1,1,15,3033
897,1,2,6,2930
898,1,2,7,2392
899,0,2,1,1107
900,0,6,13,2767
901,0,6,0,2898
902,1,6,0,1510
903,1,6,13,2348
904,1,3,20,2937
905,0,4,12,1021
906,1,0,10,2267
907,0,4,6,2922
908,0,5,1,2912
909,1,4,7,2989
910,0,5,0,3382
911,1,5,0,3382
912,0,3,2,2839
913,1,2,0,809
914,0,3,9,1098
915,1,2,7,2286
916,0,2,1,2909
917,1,5,6,2922
918,0,4,1,2883
919,0,3,1,2903
920,1,1,4,2934
921,1,2,17,2909
922,1,6,16,1581
923,1,2,7,1291
924,1,5,17,3408
925,0,3,3,1591
926,1,0,10,343
927,0,2,20,2826
928,0,6,16,3378
929,1,2,15,1792
930,1,2,5,3390
931,0,6,1,256
932,0,3,6,3324
933,1,4,1,1691
934,0,3,7,3312
935,1,3,14,2062
936,1,1,4,1247
937,1,2,15,2058
938,0,2,1,13
939,0,2,20,785
940,1,0,10,2382
941,1,1,20,1506
942,0,5,6,2675
943,0,4,12,354
944,1,3,0,2862
945,1,4,7,1687
946,1,3,7,1599
947,1,1,0,834
948,1,6,12,1378
949,1,5,17,3248
950,1,3,7,838
951,1,4,2,403
952,1,6,16,3319
953,1,5,20,3269
954,0,2,0,836
955,0,5,7,3144
956,1,3,1,1851
957,1,3,1,1052
958,1,3,2,1606
959,1,5,11,1467
960,1,0,10,1496
961,1,1,10,409
962,0,2,1,2524
963,1,2,0,1624
964,1,2,7,3068
965,1,6,7,456
966,1,6,2,2935
967,0,1,0,1410
968,1,5,12,3096
969,0,2,11,720
970,1,2,0,990
971,1,2,12,1410
972,1,4,1,103
973,0,2,1,2526
974,1,3,19,3140
975,1,3,0,3370
976,1,3,14,2714
977,1,2,2,2528
978,1,1,0,726
979,1,0,10,1591
980,1,2,6,2891
981,1,2,20,106
982,0,2,9,2904
983,0,2,16,3427
984,1,5,16,2929
985,1,2,4,1155
986,0,6,0,702
987,0,3,17,1596
988,1,5,11,1665
989,1,5,0,802
990,1,1,6,401
991,0,2,9,1597
992,0,3,3,165
993,1,2,0,1514
994,1,1,2,2918
995,0,1,4,3252
996,1,2,17,3351
997,1,0,19,657
998,1,4,20,412
999,1,2,15,2128
1000,0,2,6,2749
1001,1,2,4,2771
1002,1,5,11,310
1003,1,2,2,741
1004,1,2,3,3179
1005,1,3,11,350
1006,1,1,4,1775
1007,1,5,12,76
1008,1,3,3,2412
1009,1,5,7,1640
1010,1,2,0,430
1011,1,2,8,2920
1012,0,3,1,1056
1013,1,6,13,155
1014,0,4,17,185
1015,1,3,3,476
1016,1,6,16,2002
1017,1,3,0,1115
1018,1,1,4,3209
1019,1,3,1,2087
1020,1,1,20,3016
1021,1,3,0,3105
1022,1,2,3,4
1023,1,6,13,2973
1024,0,3,1,2314
1025,1,2,16,1250
1026,0,4,0,731
1027,1,1,4,2392
1028,0,4,7,210
1029,1,2,0,779
1030,1,2,7,3301
1031,1,3,16,767
1032,1,5,16,753
1033,1,2,5,2015
1034,0,3,1,2589
1035,1,1,2,659
1036,1,3,7,1000
1037,1,4,7,86
1038,0,6,15,797
1039,0,3,1,126
1040,1,2,11,2385
1041,1,4,2,3078
1042,1,3,5,2983
1043,0,5,11,2685
1044,1,2,20,2283
1045,0,0,10,2431
1046,1,6,18,1781
1047,1,1,0,2123
1048,1,3,6,2353
1049,1,4,14,3150
1050,1,2,1,3300
1051,0,2,0,2058
1052,0,3,2,2352
1053,1,3,0,694
1054,1,0,10,2330
1055,1,3,0,2862
1056,1,0,0,1611
1057,1,4,17,2294
1058,1,2,1,3302
1059,0,2,0,3290
1060,1,1,10,480
1061,1,4,0,1524
1062,1,5,19,1986
1063,1,3,7,1724
1064,1,2,7,2845
1065,0,2,0,3081
1066,1,4,12,114
1067,1,3,12,3081
1068,0,1,4,2440
1069,1,2,20,3353
1070,0,4,2,781
1071,1,5,16,562
1072,0,3,7,327
1073,0,2,6,2277
1074,1,4,17,1591
1075,0,2,6,2094
1076,0,2,3,985
1077,1,2,3,2094
1078,0,4,9,3211
1079,1,2,7,3360
1080,1,6,7,386
1081,1,1,4,2234
1082,1,4,7,1618
1083,1,6,0,992
1084,1,0,19,192
1085,1,2,7,1253
1086,1,1,4,3381
1087,1,2,16,383
1088,0,0,10,3352
1089,1,3,6,1305
1090,1,2,7,3053
1091,1,1,5,1246
1092,0,1,4,1707
1093,1,5,14,2055
1094,0,1,0,2960
1095,0,6,6,375
1096,1,0,10,2557
1097,1,1,17,2918
1098,1,3,7,3145
1099,1,2,17,2411
1100,1,2,0,2018
1101,1,3,1,278
1102,1,1,1,1903
1103,0,4,7,2071
1104,1,3,11,416
1105,1,3,6,1601
1106,1,1,4,2777
1107,0,5,1,123
1108,1,6,1,3000
1109,1,1,10,1521
1110,0,6,6,2392
1111,0,5,16,1453
1112,1,1,6,721
1113,1,1,4,3292
1114,0,1,9,2366
1115,0,2,1,2065
1116,1,2,15,2925
1117,1,1,14,410
1118,1,5,13,160
1119,1,3,1,2798
1120,1,1,4,3209
1121,1,6,7,2481
1122,1,6,14,157
1123,1,5,0,2879
1124,1,2,2,2031
1125,0,1,4,1797
1126,1,6,16,558
1127,1,2,0,511
1128,1,2,1,2283
1129,1,3,17,889
1130,1,1,7,1994
1131,1,6,13,544
1132,1,1,12,3381
1133,1,1,2,2758
1134,1,1,20,725
1135,1,5,13,3379
1136,0,3,7,2785
1137,1,1,4,577
1138,1,1,12,518
1139,1,2,1,3011
1140,0,4,2,2294
1141,0,2,3,2629
1142,1,1,1,1412
1143,1,5,7,3035
1144,1,2,7,3036
1145,1,5,3,2912
1146,0,1,16,2551
1147,1,2,20,3350
1148,1,3,17,2957
1149,1,2,12,3352
1150,0,2,20,2354
1151,1,2,15,1558
1152,1,1,4,1095
1153,1,1,10,1182
1154,0,0,10,1785
1155,1,2,12,2787
1156,0,5,2,1211
1157,1,4,7,1083
1158,0,3,1,3331
1159,1,1,0,1639
1160,1,1,14,304
1161,1,2,0,418
1162,0,3,0,3290
1163,1,0,10,2254
1164,0,2,19,2745
1165,1,2,12,1475
1166,1,6,6,3037
1167,0,5,1,1872
1168,0,2,0,3056
1169,1,2,20,3081
1170,1,6,3,416
1171,1,4,12,3060
1172,0,2,0,2111
1173,0,2,7,412
1174,0,1,16,2878
1175,0,2,2,2745
1176,1,6,1,1440
1177,0,2,17,24
1178,1,6,0,1621
1179,1,5,1,2822
1180,0,5,20,3205
1181,1,3,7,805
1182,1,0,10,2841
1183,1,3,19,3115
1184,0,2,4,2943
1185,0,3,1,3310
1186,1,1,19,3399
1187,0,0,0,2771
1188,1,4,7,2278
1189,1,2,0,2674
1190,1,4,0,3335
1191,0,3,0,3362
1192,1,5,16,3352
1193,1,2,12,2808
1194,0,2,1,3210
1195,0,0,10,598
1196,0,1,14,878
1197,1,3,1,1419
1198,1,0,10,1709
1199,1,5,13,2430
1200,1,0,0,3294
1201,1,1,4,2623
1202,1,3,12,3267
1203,0,2,1,278
1204,1,2,7,3166
1205,0,6,0,1560
1206,0,5,7,1231
1207,1,5,0,1411
1208,1,2,0,546
1209,1,3,7,3069
1210,1,2,17,981
1211,1,1,4,419
1212,0,5,1,2017
1213,1,5,0,2862
1214,1,6,13,3104
1215,1,3,17,937
1216,1,2,2,2790
1217,1,2,12,3064
1218,1,6,15,579
1219,1,2,7,531
1220,1,0,10,1591
1221,1,1,0,733
1222,1,3,0,1745
1223,1,2,2,2021
1224,1,5,13,96
1225,1,4,7,2099
1226,1,1,20,314
1227,1,5,1,2749
1228,1,2,1,3134
1229,0,2,4,1628
1230,1,2,11,3174
1231,1,2,12,2059
1232,0,1,4,1397
1233,0,4,20,3090
1234,1,1,4,2819
1235,0,2,7,3040
1236,0,2,1,1641
1237,1,1,4,1161
1238,0,3,20,473
1239,0,2,20,1721
1240,0,1,14,109
1241,1,0,10,515
1242,0,3,0,408
1243,1,3,15,2961
1244,1,2,4,862
1245,1,2,17,2559
1246,1,1,4,3381
1247,1,3,0,2967
1248,0,3,20,3115
1249,1,3,2,3113
1250,1,5,0,444
1251,1,2,7,1623
1252,1,6,13,3073
1253,0,3,20,2381
1254,0,1,1,109
1255,1,2,17,3057
1256,1,2,20,399
1257,0,1,14,2615
1258,1,4,7,824
1259,1,3,7,798
1260,1,2,17,1012
1261,1,1,4,1346
1262,1,2,4,904
1263,1,0,10,2582
1264,1,2,1,1794
1265,0,1,20,1685
1266,1,2,4,692
1267,1,2,15,530
1268,1,5,2,420
1269,0,6,13,18
1270,1,2,6,533
1271,0,4,6,1809
1272,1,1,20,1703
1273,1,3,2,729
1274,1,4,7,1293
1275,1,5,17,1339
1276,1,3,17,3039
1277,0,1,0,274
1278,1,1,4,3387
1279,1,3,1,3399
1280,1,0,10,3323
1281,1,2,19,3286
1282,1,5,1,3402
1283,0,1,1,3118
1284,1,4,16,1211
1285,1,3,4,3367
1286,1,3,17,2963
1287,0,5,7,3122
1288,0,3,19,2994
1289,1,4,6,2497
1290,1,3,0,2861
1291,0,3,0,405
1292,1,2,7,3139
1293,1,2,5,2014
1294,0,5,20,474
1295,0,3,6,2757
1296,1,0,0,2358
1297,1,2,7,2918
1298,1,3,6,1222
1299,1,2,14,81
1300,1,0,10,3281
1301,0,2,2,438
1302,1,1,4,2659
1303,1,2,19,3058
1304,1,2,14,3283
1305,1,4,20,3066
1306,1,2,3,2173
1307,1,6,13,2365
1308,1,0,10,2340
1309,1,2,14,2373
1310,1,4,0,2993
1311,1,1,10,2785
1312,1,2,14,2030
1313,1,1,4,1389
1314,0,1,4,2235
1315,1,3,7,2352
1316,1,5,2,1728
1317,1,4,7,3333
1318,1,1,16,3032
1319,0,2,3,3406
1320,1,2,4,862
1321,0,2,14,1249
1322,1,6,0,3040
1323,0,3,2,475
1324,1,3,16,307
1325,1,2,1,2356
1326,0,2,0,3360
1327,1,0,10,525
1328,1,3,14,2092
1329,1,1,14,2039
1330,1,6,1,3167
1331,1,4,0,520
1332,1,2,7,171
1333,1,2,17,283
1334,1,5,7,453
1335,1,3,0,605
1336,0,5,20,3163
1337,1,6,17,3280
1338,1,2,0,3055
1339,1,3,18,2657
1340,1,2,7,607
1341,1,1,7,491
1342,1,3,0,3106
1343,1,3,14,2839
1344,0,2,9,1402
1345,0,2,2,2336
1346,1,3,20,986
1347,0,1,1,487
1348,0,0,10,232
1349,1,5,7,568
1350,0,3,0,2787
1351,0,2,17,3338
1352,1,3,20,3067
1353,1,0,10,3235
1354,0,2,2,3038
1355,0,4,20,232
1356,0,1,4,2868
1357,1,4,0,1241
1358,1,3,17,1705
1359,1,3,1,454
1360,1,2,20,633
1361,0,2,0,3312
1362,1,3,12,2335
1363,1,5,7,71
1364,0,4,2,3291
1365,0,0,10,2108
1366,1,0,10,2736
1367,1,2,12,1793
1368,0,2,3,1726
1369,1,2,5,535
1370,1,3,2,2988
1371,0,5,2,2092
1372,1,0,10,3172
1373,0,2,1,1851
1374,1,5,1,2854
1375,0,4,5,3179
1376,0,4,1,1163
1377,1,3,16,2194
1378,0,4,7,838
1379,0,6,13,3014
1380,1,0,10,1974
1381,1,1,11,2727
1382,0,4,1,2910
1383,0,2,7,768
1384,1,1,10,3346
1385,0,2,5,2782
1386,0,2,0,305
1387,0,5,13,3126
1388,1,6,20,2689
1389,1,2,17,765
1390,1,3,16,3428
1391,1,3,15,806
1392,1,4,3,2740
1393,1,1,4,279
1394,0,2,3,3063
1395,1,2,2,305
1396,0,2,12,3096
1397,1,3,7,1946
1398,0,6,16,3139
1399,1,1,17,452
1400,1,2,7,2930
1401,0,1,1,3112
1402,1,1,4,2800
1403,0,2,0,1795
1404,1,5,16,2849
1405,1,6,13,1216
1406,1,2,4,2886
1407,0,3,15,1790
1408,1,2,0,2762
1409,1,1,4,3292
1410,1,5,7,3083
1411,1,3,1,360
1412,1,2,17,3049
1413,1,1,3,3366
1414,1,1,4,2637
1415,1,4,14,902
1416,1,2,14,3350
1417,1,3,16,437
1418,1,1,4,1624
1419,0,2,1,3186
1420,1,1,4,20
1421,0,0,10,1790
1422,1,3,17,1949
1423,1,2,4,370
1424,1,3,0,1008
1425,1,0,10,388
1426,1,1,14,3046
1427,1,2,12,854
1428,0,4,11,1345
1429,0,3,3,478
1430,1,1,4,3292
1431,1,6,6,2821
1432,1,3,1,3102
1433,0,1,14,1702
1434,0,0,10,1708
1435,1,2,14,1597
1436,0,5,6,3266
1437,1,5,3,2710
1438,1,1,2,852
1439,1,3,3,3340
1440,1,3,12,3091
1441,1,3,16,1818
1442,1,1,2,537
1443,1,3,2,3344
1444,0,2,4,2827
1445,1,2,2,3357
1446,1,3,12,428
1447,1,1,4,2562
1448,0,2,3,679
1449,1,3,20,675
1450,1,1,4,3128
1451,1,3,20,2741
1452,0,6,13,2811
1453,1,2,14,755
1454,1,1,4,3008
1455,0,4,0,2928
1456,1,2,2,3348
1457,1,2,1,3202
1458,1,0,0,358
1459,0,2,0,2527
1460,0,1,4,3178
1461,0,4,0,3061
1462,1,3,16,3194
1463,1,5,16,2955
1464,1,3,12,2333
1465,1,5,16,3000
1466,1,1,4,1031
1467,1,2,5,3268
1468,1,0,14,736
1469,1,6,20,3197
1470,1,1,4,3064
1471,1,2,17,466
1472,1,2,7,2779
1473,1,2,14,285
1474,1,2,4,3360
1475,0,2,2,2338
1476,0,1,0,2822
1477,0,4,1,2800
1478,1,0,10,2958
1479,0,5,2,3085
1480,1,2,20,2852
1481,1,3,17,2417
1482,1,2,7,3071
1483,1,1,4,1812
1484,1,2,12,311
1485,0,2,9,2566
1486,1,2,16,2805
1487,1,3,7,328
1488,1,2,7,3099
1489,0,3,2,2040
1490,1,5,7,2799
1491,1,1,4,285
1492,1,2,12,3351
1493,0,2,14,2092
1494,1,2,17,1324
1495,1,1,0,2423
1496,1,2,17,3055
1497,1,5,5,2542
1498,1,1,4,104
1499,1,0,10,744
1500,1,2,17,3360
1501,1,2,11,2366
1502,1,1,4,528
1503,1,2,12,2976
1504,1,1,19,862
1505,1,5,11,2760
1506,1,2,7,372
1507,1,3,17,3203
1508,0,0,10,3100
1509,1,0,0,515
1510,0,2,1,1588
1511,1,3,12,391
1512,1,2,20,464
1513,0,3,16,3151
1514,1,1,4,3292
1515,1,2,16,1645
1516,0,2,12,1766
1517,1,1,0,399
1518,1,2,2,3230
1519,1,1,4,1326
1520,1,2,17,3086
1521,0,2,7,391
1522,1,3,20,418
1523,1,2,17,3182
1524,1,1,4,282
1525,0,2,16,3130
1526,1,6,17,2566
1527,1,1,10,2461
1528,1,2,15,3138
1529,1,1,4,3298
1530,1,2,4,1794
1531,1,4,17,2051
1532,1,1,14,1408
1533,1,4,1,2271
1534,1,5,12,527
1535,0,1,20,2757
1536,0,3,3,2591
1537,1,1,20,134
1538,1,2,3,895
1539,1,2,3,128
1540,1,4,0,3291
1541,1,6,17,932
1542,1,1,17,519
1543,1,2,11,442
1544,1,2,12,2161
1545,1,2,20,778
1546,1,2,4,904
1547,1,6,13,93
1548,1,3,1,1789
1549,1,3,6,828
1550,1,1,4,497
1551,1,2,11,777
1552,1,4,20,414
1553,0,2,15,2179
1554,0,3,12,669
1555,0,1,0,777
1556,1,1,4,1591
1557,0,1,4,424
1558,1,1,6,2075
1559,1,3,8,408
1560,0,2,3,2649
1561,0,1,4,472
1562,1,1,20,1406
1563,0,0,10,2694
1564,1,5,1,16
1565,1,4,17,2489
1566,1,3,16,2436
1567,1,2,12,285
1568,0,0,10,3048
1569,0,6,13,335
1570,1,1,17,2343
1571,1,2,20,3337
1572,0,2,3,116
1573,1,0,0,2432
1574,1,2,6,2579
1575,0,5,7,3146
1576,0,4,9,2642
1577,1,6,0,2280
1578,1,1,4,877
1579,1,2,0,2040
1580,0,1,4,2380
1581,0,1,4,400
1582,1,1,0,448
1583,1,3,6,3061
1584,1,2,19,1516
1585,1,6,20,2938
1586,1,4,7,2425
1587,0,2,3,1090
1588,1,2,11,868
1589,1,2,0,3179
1590,1,3,1,3151
1591,1,5,7,960
1592,1,3,7,1721
1593,1,2,16,2471
1594,0,3,20,407
1595,1,3,1,2975
1596,0,1,5,1603
1597,1,2,12,399
1598,1,3,13,2389
1599,1,2,0,2964
1600,1,3,7,363
1601,1,2,12,2591
1602,0,2,7,443
1603,0,2,0,589
1604,1,2,11,1721
1605,0,1,0,1013
1606,0,3,3,1899
1607,1,4,1,101
1608,1,2,11,2356
1609,0,3,9,295
1610,1,2,11,1940
1611,1,2,0,213
1612,1,2,17,481
1613,1,1,20,2111
1614,1,3,0,2749
1615,0,4,7,415
1616,1,2,0,660
1617,1,2,12,1417
1618,1,5,0,1433
1619,1,5,3,1668
1620,1,2,20,1581
1621,1,2,4,490
1622,1,1,4,1797
1623,1,5,15,342
1624,1,2,0,294
1625,1,4,0,238
1626,1,1,4,404
1627,1,1,17,2862
1628,1,1,20,2750
1629,1,1,4,400
1630,1,4,17,2847
1631,0,5,0,3088
1632,1,2,16,3065
1633,0,4,7,3433
1634,0,6,0,1331
1635,1,2,0,3289
1636,0,2,19,2076
1637,1,6,0,2764
1638,0,1,17,3194
1639,1,2,17,3194
1640,1,3,17,3208
1641,1,2,0,3222
1642,1,5,13,2116
1643,1,4,2,2817
1644,1,1,12,2771
1645,0,1,9,2123
1646,1,2,20,2762
1647,1,1,18,3363
1648,1,5,14,2642
1649,1,1,19,3338
1650,1,2,19,3118
1651,1,2,12,3091
1652,1,2,16,3380
1653,1,1,0,3041
1654,0,4,0,3060
1655,1,1,4,3087
1656,1,2,17,3067
1657,0,4,0,415
1658,0,3,6,3074
1659,0,1,9,3434
1660,0,2,2,3111
1661,1,3,7,2564
1662,1,2,12,3066
1663,1,1,4,2449
1664,0,1,4,2390
1665,1,4,17,2696
1666,1,2,14,650
1667,1,5,16,3401
1668,1,3,2,3207
1669,0,2,17,2324
1670,0,6,13,3184
1671,1,3,0,3388
1672,1,2,17,3027
1673,1,0,10,3342
1674,1,3,2,3221
1675,0,2,6,3275
1676,1,1,4,2832
1677,1,1,14,3277
1678,0,1,17,3273
1679,1,2,12,3343
1680,1,2,20,3190
1681,1,1,4,2484
1682,1,2,2,3351
1683,0,2,7,3357
1684,1,1,3,2649
1685,1,3,12,3231
1686,1,3,12,3043
1687,1,2,3,2632
1688,0,1,4,1244
1689,1,3,5,3394
1690,1,3,16,3334
1691,0,2,17,2665
1692,1,3,20,3305
1693,1,2,12,3413
1694,1,2,12,3361
1695,1,2,1,3285
1696,1,3,7,3218
1697,0,1,4,3343
1698,1,3,2,3291
1699,0,2,19,3351
1700,1,2,20,3364
1701,0,2,4,3297
1702,1,1,10,3301
1703,1,1,15,2406
1704,1,2,4,3418
1705,0,1,4,2636
1706,1,2,20,733
1707,1,5,1,3165
1708,1,2,0,2176
1709,1,2,0,2301
1710,1,1,0,3096
1711,0,1,4,1080
1712,1,2,0,2291
1713,1,2,0,1576
1714,1,2,17,1387
1715,1,2,16,1782
1716,1,2,0,1394
1717,0,5,6,1089
1718,1,1,4,1397
1719,1,1,16,2061
1720,1,1,4,3134
1721,1,1,19,2247
1722,1,3,0,2274
1723,1,3,17,2022
1724,1,1,4,6
1725,1,1,19,2224
1726,1,2,2,2032
1727,1,3,16,1731
1728,1,1,4,500
1729,1,2,7,1797
1730,0,1,4,2027
1731,0,1,0,2863
1732,1,1,4,593
1733,1,1,14,1414
1734,1,4,17,3116
1735,1,1,20,1107
1736,1,6,8,1
1737,1,3,20,1551
1738,1,3,16,1062
1739,1,6,16,2414
1740,1,6,1,3239
1741,1,3,7,2828
1742,1,2,15,362
1743,1,3,17,2439
1744,1,3,12,1734
1745,1,4,0,3060
1746,1,2,4,1196
1747,1,2,0,2805
1748,1,5,1,232
1749,1,2,2,425
1750,1,5,5,428
1751,1,3,20,2399
1752,1,2,3,3254
1753,1,3,6,2814
1754,1,1,19,964
1755,0,1,4,2392
1756,0,2,1,2346
1757,1,2,4,2350
1758,0,2,0,1186
1759,1,2,16,872
1760,0,2,3,2743
1761,1,3,0,2274
1762,1,2,14,2356
1763,1,3,7,2383
1764,1,1,0,2346
1765,1,1,4,593
1766,0,4,0,3109
1767,1,2,20,2349
1768,1,4,16,2334
1769,1,2,17,2357
1770,1,3,16,2511
1771,1,2,17,2332
1772,1,6,2,2807
1773,1,1,4,307
1774,1,2,17,3419
1775,1,2,4,2249
1776,1,2,0,1518
1777,1,2,20,670
1778,1,1,4,3128
1779,1,1,1,2454
1780,1,3,1,876
1781,0,3,0,351
1782,1,4,0,928
1783,1,1,4,419
1784,1,1,20,692
1785,1,1,4,245
1786,1,4,1,2678
1787,1,1,8,2771
1788,1,4,2,721
1789,1,0,10,726
1790,1,2,0,738
1791,1,1,4,735
1792,0,2,2,1783
1793,1,2,4,777
1794,1,2,11,823
1795,1,1,17,807
1796,1,5,11,818
1797,1,3,7,1743
1798,1,4,11,879
1799,1,3,11,2251
1800,1,1,4,2251
1801,0,2,6,1818
1802,1,1,4,904
1803,1,2,2,1720
1804,1,2,7,891
1805,1,1,4,893
1806,1,1,4,864
1807,1,1,17,808
1808,0,1,4,863
1809,0,2,14,529
1810,1,5,13,2771
1811,1,6,2,382
1812,0,2,12,1597
1813,0,3,6,2755
1814,1,5,7,408
1815,1,0,1,1113
1816,0,3,9,1954
1817,1,3,1,1792
1818,1,0,8,121
1819,0,3,12,1499
1820,1,2,20,1724
1821,1,2,20,1398
1822,0,2,0,1795
1823,0,3,1,2983
1824,0,1,4,1405
1825,1,2,7,1728
1826,1,4,11,1682
1827,0,2,1,339
1828,1,1,4,307
1829,1,2,16,316
1830,1,1,4,526
1831,1,1,4,1768
1832,0,1,4,609
1833,1,1,17,307
1834,1,3,5,459
1835,1,2,19,493
1836,1,2,0,409
1837,1,2,2,379
1838,1,3,7,405
1839,1,1,4,345
1840,1,2,12,474
1841,1,1,0,3161
1842,1,1,4,1768
1843,1,2,12,408
1844,0,1,4,1794
1845,1,2,2,399
1846,1,4,12,3163
1847,1,1,4,2005
1848,1,3,5,405
1849,1,3,7,505
1850,1,1,5,545
1851,1,2,19,1987
1852,1,2,12,422
1853,1,5,0,2814
1854,1,2,0,2941
1855,1,1,4,3001
1856,1,6,7,2905
1857,1,0,10,2915
1858,0,1,4,1988
1859,0,2,4,2205
1860,1,6,16,3114
1861,1,5,16,2929
1862,1,5,14,3177
1863,1,1,4,2763
1864,1,3,7,3078
1865,0,1,1,3117
1866,1,2,7,3040
1867,1,5,7,3153
1868,1,5,11,2941
1869,1,4,14,3180
1870,1,6,13,2650
1871,0,4,1,1555
1872,1,5,20,2915
1873,1,3,7,97
1874,1,4,7,3166
1875,1,3,12,3054
1876,1,2,12,2895
1877,0,4,20,2769
1878,1,0,10,2992
1879,1,2,4,1054
1880,1,3,0,2819
1881,1,3,2,3153
1882,1,3,16,2942
1883,0,5,0,3092
1884,1,4,20,3006
1885,1,5,17,3122
1886,1,2,12,3048
1887,1,6,15,2923
1888,1,3,12,3173
1889,1,1,14,2525
1890,1,5,6,3126
1891,1,4,1,2843
1892,1,2,20,2767
1893,0,3,0,2746
1894,0,3,7,3116
1895,1,3,14,2718
1896,1,6,13,2920
1897,0,5,2,3096
1898,1,2,12,2823
1899,0,4,6,101
1900,1,6,12,3056
1901,1,5,7,3035
1902,1,2,19,3017
1903,1,3,0,2792
1904,1,1,1,1077
1905,0,3,20,3064
1906,0,2,5,2836
1907,1,3,17,3135
1908,1,6,13,3177
1909,1,1,4,2724
1910,1,0,10,3131
1911,0,1,4,2986
1912,1,2,4,2840
1913,1,2,17,3175
1914,0,3,14,3163
1915,1,5,13,72
1916,1,4,7,2796
1917,1,1,10,2978
1918,0,4,6,3182
1919,1,0,0,3094
1920,0,3,7,2530
1921,1,6,12,2982
1922,0,2,7,3076
1923,1,3,7,2748
1924,0,6,6,2803
1925,1,5,7,2998
1926,0,0,0,3193
1927,1,3,7,3136
1928,1,0,10,3085
1929,0,0,10,2828
1930,1,2,15,3103
1931,1,2,2,3060
1932,1,2,7,3060
1933,1,1,19,3127
1934,1,2,17,3154
1935,1,0,10,2796
1936,1,3,0,2748
1937,1,2,11,2940
1938,0,2,2,2846
1939,0,3,2,3140
1940,1,2,12,3181
1941,1,3,17,3103
1942,1,3,5,245
1943,1,1,4,2860
1944,0,1,4,3005
1945,1,2,20,2993
1946,1,2,14,3057
1947,1,2,7,3039
1948,1,0,10,3007
1949,1,1,17,2952
1950,1,2,12,1678
1951,0,1,4,2803
1952,1,3,1,2822
1953,0,2,2,3109
1954,1,2,16,2853
1955,1,0,19,190
1956,1,3,0,1443
1957,0,1,4,915
1958,0,2,1,673
1959,0,5,13,1759
1960,1,4,7,1940
1961,0,5,3,2886
1962,0,1,1,2097
1963,0,5,9,2887
1964,0,2,6,2738
1965,1,6,17,1634
1966,1,2,20,3021
1967,1,5,7,2921
1968,1,2,11,2654
1969,0,2,3,2921
1970,1,5,13,2709
1971,0,2,14,2547
1972,1,4,17,2919
1973,1,2,1,904
1974,1,3,17,525
1975,1,1,4,3307
1976,1,3,5,1982
1977,1,6,6,162
1978,1,0,10,1399
1979,1,6,17,1703
1980,1,3,7,283
1981,1,6,1,2554
1982,1,0,10,2567
1983,1,2,14,2918
1984,1,1,10,2930
1985,1,4,12,2926
1986,1,5,13,2888
1987,1,2,17,2129
1988,0,2,1,2648
1989,1,5,6,87
1990,1,2,7,2653
1991,1,2,20,1636
1992,1,1,4,2655
1993,1,3,17,3431
1994,1,3,2,2706
1995,1,2,1,2668
1996,1,3,0,2670
1997,1,2,0,2619
1998,0,5,9,942
1999,0,3,3,91
2000,1,1,4,1469
2001,1,5,1,1624
2002,0,6,13,102
2003,1,0,10,2523
2004,1,4,19,1787
2005,1,1,4,1981
2006,1,3,0,2204
2007,1,5,16,2558
2008,1,2,3,1629
2009,0,3,7,2082
2010,1,1,4,2585
2011,0,3,3,32
2012,1,2,4,1697
2013,1,4,0,2064
2014,1,1,4,1778
2015,1,1,4,8
2016,0,6,2,811
2017,1,2,17,1266
2018,1,3,16,1530
2019,1,5,1,992
2020,1,2,7,1474
2021,1,2,0,2103
2022,1,2,7,2027
2023,1,1,4,1952
2024,1,0,19,290
2025,1,6,13,197
2026,1,5,16,1683
2027,0,2,9,1582
2028,1,4,6,1432
2029,0,2,12,405
2030,1,2,4,2424
2031,1,3,20,2087
2032,1,5,14,1466
2033,0,4,20,2859
2034,0,4,2,61
2035,0,1,0,1482
2036,0,2,14,2762
2037,1,6,14,144
2038,0,4,1,1202
2039,1,5,16,2009
2040,0,2,7,150
2041,0,2,20,940
2042,1,0,10,2506
2043,1,2,14,1318
2044,0,4,0,1689
2045,0,0,0,944
2046,1,3,1,2869
2047,1,0,10,280
2048,1,5,6,1697
2049,0,5,0,580
2050,0,3,3,3430
2051,1,3,7,3024
2052,1,0,10,1522
2053,1,4,11,277
2054,1,2,12,191
2055,1,5,11,1675
2056,1,2,4,1960
2057,1,3,1,1690
2058,0,6,1,280
2059,1,3,0,1431
2060,1,0,1,1634
2061,1,6,1,1424
2062,1,1,4,1468
2063,1,2,4,1381
2064,1,3,1,9
2065,1,2,6,1559
2066,0,2,6,1769
2067,1,5,16,279
2068,0,3,12,1403
2069,1,6,15,2504
2070,0,3,6,580
2071,1,4,7,39
2072,0,5,12,846
2073,0,1,4,575
2074,1,1,4,1624
2075,0,2,4,580
2076,1,1,4,577
2077,1,1,0,1859
2078,1,1,4,588
2079,1,0,10,1493
2080,1,2,11,1318
2081,1,1,17,1695
2082,1,0,19,1644
2083,1,1,4,2187
2084,1,1,4,916
2085,1,1,0,274
2086,1,3,14,1647
2087,1,2,0,1315
2088,1,5,7,2080
2089,1,3,17,680
2090,1,3,17,1638
2091,0,3,20,1586
2092,1,6,1,1674
2093,1,1,0,1643
2094,1,3,2,2010
2095,1,6,13,1980
2096,0,2,17,1240
2097,1,1,5,1660
2098,1,3,20,1588
2099,0,1,0,1665
2100,0,2,0,941
2101,1,2,16,1636
2102,1,2,11,1666
2103,1,3,12,187
2104,1,4,15,2000
2105,1,2,1,943
2106,0,1,20,1708
2107,1,2,1,943
2108,1,0,10,2051
2109,1,2,16,569
2110,1,5,11,1556
2111,1,6,13,1166
2112,0,4,12,914
2113,1,2,6,239
2114,1,1,18,858
2115,1,3,17,27
2116,1,1,4,1710
2117,1,6,13,1684
2118,1,2,14,111
2119,1,3,4,422
2120,1,0,0,165
2121,1,6,13,127
2122,1,3,12,2106
2123,0,3,0,564
2124,1,2,0,534
2125,1,3,3,1522
2126,1,6,14,157
2127,1,1,4,536
2128,0,4,1,1553
2129,1,2,5,228
2130,1,4,0,186
2131,1,2,0,44
2132,1,6,14,157
2133,0,0,10,41
2134,1,1,10,165
2135,1,5,1,58
2136,1,3,18,557
2137,0,0,10,2
2138,0,1,4,2705
2139,0,5,3,1222
2140,1,4,14,1557
2141,0,5,16,1664
2142,0,4,14,1557
2143,1,1,4,1154
2144,1,1,0,1547
2145,1,1,10,1163
2146,1,1,2,3238
2147,0,1,0,2088
2148,0,1,0,2582
2149,1,2,0,2017
2150,0,1,4,905
2151,1,6,13,1208
2152,1,1,4,900
2153,1,1,16,3315
2154,1,2,12,2240
2155,0,0,10,1723
2156,1,1,19,1948
2157,0,1,3,1496
2158,1,2,12,2080
2159,0,5,14,2080
2160,0,1,19,1549
2161,0,3,2,3206
2162,0,0,10,1267
2163,1,1,0,2693
2164,1,3,0,3228
2165,1,2,7,1171
2166,1,0,10,3424
2167,0,2,6,3231
2168,1,0,10,2041
2169,1,0,0,3200
2170,0,5,16,3422
2171,1,3,0,1597
2172,1,1,20,2088
2173,1,5,13,2695
2174,1,5,12,2696
2175,1,2,4,3426
2176,1,0,19,2303
2177,0,3,20,3200
2178,1,4,14,2651
2179,0,2,0,1014
2180,1,2,12,996
2181,1,2,0,1497
2182,0,2,4,2049
2183,0,6,1,513
2184,1,1,4,1507
2185,1,4,17,973
2186,1,1,5,1358
2187,1,4,16,2026
2188,0,1,19,2088
2189,1,0,10,2029
2190,0,2,15,983
2191,1,1,4,1488
2192,0,2,0,995
2193,1,0,10,1357
2194,1,2,17,1489
2195,1,0,10,2029
2196,1,2,12,1478
2197,0,2,1,979
2198,0,3,9,1561
2199,1,0,10,2077
2200,1,3,1,1997
2201,1,6,20,1557
2202,0,0,10,503
2203,1,4,12,1800
2204,1,6,3,3144
2205,0,2,7,409
2206,1,4,7,468
2207,1,1,4,326
2208,1,2,0,402
2209,1,3,7,405
2210,1,4,17,2703
2211,1,4,6,75
2212,1,1,4,2562
2213,0,2,0,2081
2214,0,2,1,1559
2215,0,2,0,3028
2216,0,2,20,2076
2217,1,0,10,1473
2218,1,3,17,2183
2219,1,2,6,2009
2220,0,5,3,3201
2221,1,6,17,3142
2222,0,4,1,568
2223,1,2,2,2025
2224,1,2,12,1998
2225,1,2,5,3255
2226,0,2,7,977
2227,1,5,14,1997
2228,1,2,12,1998
2229,1,4,0,2113
2230,0,4,1,2042
2231,1,5,11,2679
2232,1,2,14,2010
2233,0,3,3,2036
2234,1,6,1,2676
2235,1,0,10,1545
2236,1,0,10,3250
2237,0,3,6,634
2238,0,2,4,1154
2239,1,1,10,2029
2240,1,4,12,2180
2241,1,4,5,2090
2242,1,1,4,2024
2243,1,4,2,2684
2244,1,0,10,2069
2245,1,0,10,1992
2246,1,2,0,2081
2247,1,4,2,2077
2248,0,3,12,1554
2249,1,2,5,2052
2250,1,1,19,1993
2251,1,3,14,2083
2252,0,1,1,33
2253,0,5,0,1561
2254,1,3,5,1209
2255,0,3,6,1447
2256,0,4,15,1990
2257,0,1,4,1988
2258,0,1,4,421
2259,0,6,16,2257
2260,0,2,20,1563
2261,1,2,5,1183
2262,1,4,17,1606
2263,1,2,6,2259
2264,0,4,7,1306
2265,1,6,13,2056
2266,0,5,2,1607
2267,0,6,13,1301
2268,0,3,1,1555
2269,0,4,0,474
2270,1,1,1,622
2271,1,5,14,580
2272,1,2,0,2272
2273,1,2,6,923
2274,1,1,2,1121
2275,1,6,7,1336
2276,1,6,13,1434
2277,0,4,9,559
2278,1,5,17,31
2279,1,5,7,378
2280,1,6,6,2311
2281,1,4,11,1600
2282,1,5,2,1133
2283,1,3,18,1472
2284,1,2,20,2746
2285,0,0,10,569
2286,1,3,17,2590
2287,1,6,0,262
2288,1,0,10,565
2289,0,5,1,1742
2290,1,2,0,2098
2291,1,4,1,583
2292,1,5,15,560
2293,0,6,3,1610
2294,1,6,13,1603
2295,1,4,11,2281
2296,0,2,6,907
2297,1,6,13,1743
2298,1,3,17,2441
2299,0,1,10,569
2300,1,6,13,1692
2301,0,2,12,148
2302,1,5,12,1600
2303,1,5,17,358
2304,1,4,12,3051
2305,1,5,20,1600
2306,0,1,4,103
2307,1,2,17,105
2308,0,4,16,1597
2309,0,4,0,390
2310,1,4,12,1610
2311,0,2,4,903
2312,1,4,0,573
2313,0,5,6,1598
2314,0,2,1,580
2315,1,6,7,1605
2316,1,3,0,579
2317,0,4,9,1970
2318,1,6,7,1605
2319,1,3,7,1600
2320,0,5,1,259
2321,1,2,7,1077
2322,0,6,13,1601
2323,1,3,3,568
2324,1,3,17,1732
2325,0,1,4,994
2326,1,1,4,11
2327,1,1,10,1617
2328,1,6,7,582
2329,0,6,15,3308
2330,1,4,7,1597
2331,1,6,1,1600
2332,1,6,14,32
2333,1,5,6,559
2334,0,6,7,33
2335,1,5,17,1624
2336,1,3,18,574
2337,1,3,17,1693
2338,1,4,17,576
2339,0,6,3,1743
2340,1,3,2,1600
2341,1,6,1,580
2342,1,3,3,1602
2343,0,4,1,38
2344,1,2,12,104
2345,1,3,16,3335
2346,0,0,10,1601
2347,1,3,1,1606
2348,1,5,12,262
2349,1,2,8,1727
2350,1,1,4,1451
2351,0,2,0,466
2352,1,5,13,1362
2353,0,3,9,2101
2354,1,3,11,3078
2355,0,4,9,578
2356,0,5,16,579
2357,0,3,14,586
2358,0,6,6,261
2359,1,6,13,595
2360,1,5,6,580
2361,1,6,7,1692
2362,1,2,14,3057
2363,1,5,14,3226
2364,0,6,9,567
2365,1,5,7,578
2366,0,4,16,30
2367,0,2,9,1693
2368,0,6,13,563
2369,1,3,14,258
2370,1,5,1,584
2371,0,3,7,262
2372,0,4,7,36
2373,1,4,7,3056
2374,1,2,14,3083
2375,0,5,7,557
2376,1,2,1,580
2377,1,3,0,265
2378,1,2,3,2347
2379,1,1,18,562
2380,1,2,4,904
2381,0,3,9,565
2382,1,5,13,1988
2383,0,2,14,3174
2384,1,3,17,2119
2385,0,4,2,32
2386,0,2,0,258
2387,1,2,17,1138
2388,1,6,5,262
2389,1,2,16,1313
2390,0,2,6,1188
2391,1,5,18,572
2392,0,6,3,258
2393,1,6,13,571
2394,1,3,6,1314
2395,1,3,7,352
2396,0,1,0,871
2397,0,3,11,1383
2398,1,2,0,3366
2399,1,3,17,482
2400,0,2,16,3214
2401,1,2,4,902
2402,1,4,17,1126
2403,1,1,4,1298
2404,1,1,7,2171
2405,1,5,8,2452
2406,0,6,12,28
2407,1,3,16,483
2408,0,4,1,42
2409,0,3,9,261
2410,1,6,7,260
2411,0,3,14,31
2412,1,6,13,26
2413,0,6,7,269
2414,1,2,1,1699
2415,1,2,7,894
2416,1,4,7,29
2417,1,4,1,1755
2418,0,0,10,261
2419,1,2,0,263
2420,1,5,7,1320
2421,1,3,7,1449
2422,0,5,9,172
2423,0,4,9,28
2424,1,2,17,3160
2425,0,3,14,1495
2426,1,6,0,40
2427,0,2,14,3031
2428,1,4,17,1501
2429,1,2,2,904
2430,1,2,4,903
2431,0,2,4,904
2432,1,2,4,904
2433,1,2,4,904
2434,1,2,4,902
2435,1,2,4,904
2436,1,2,7,903
2437,1,2,4,907
2438,1,3,1,904
2439,1,4,17,1601
2440,1,5,17,22
2441,0,4,6,1369
2442,1,3,17,1276
2443,0,3,0,1698
2444,0,4,4,1370
2445,1,2,0,1600
2446,1,1,7,423
2447,1,2,14,183
2448,1,3,6,1319
2449,1,6,13,1313
2450,1,4,16,43
2451,1,4,12,1305
2452,1,4,7,32
2453,1,2,7,1921
2454,1,1,0,3266
2455,1,3,7,1624
2456,1,2,5,1597
2457,1,2,0,2091
2458,1,2,7,2639
2459,1,5,7,1452
2460,0,5,1,1268
2461,1,1,4,3362
2462,1,3,1,1447
2463,1,2,7,1238
2464,0,1,4,1423
2465,1,5,6,1455
2466,1,2,15,3076
2467,1,0,10,1436
2468,1,5,1,1437
2469,1,2,4,2763
2470,1,3,18,1741
2471,1,5,13,3412
2472,1,2,18,1313
2473,1,2,12,3353
2474,1,2,12,2602
2475,0,2,18,3360
2476,1,5,12,2482
2477,1,4,0,1370
2478,1,5,1,1313
2479,0,2,1,928
2480,0,1,20,3084
2481,1,3,14,185
2482,0,5,3,1300
2483,1,6,13,2797
2484,1,4,5,1125
2485,1,3,14,3216
2486,1,1,12,3353
2487,1,4,7,1928
2488,0,4,2,1124
2489,0,3,9,1304
2490,1,2,12,3127
2491,1,3,7,905
2492,0,4,2,1316
2493,1,4,2,2804
2494,1,1,4,1743
2495,0,1,4,1963
2496,1,5,1,1319
2497,0,5,14,1313
2498,1,6,18,2266
2499,1,5,0,1272
2500,1,6,1,1049
2501,1,2,15,1314
2502,1,6,13,1692
2503,1,3,17,747
2504,1,2,7,3360
2505,1,2,7,1899
2506,0,2,14,3381
2507,1,2,4,3054
2508,0,3,3,2427
2509,1,2,5,1272
2510,1,2,7,1317
2511,1,2,7,645
2512,0,4,14,1272
2513,1,6,1,1313
2514,1,6,14,1313
2515,1,4,12,1308
2516,0,4,6,1307
2517,0,3,9,1802
2518,1,2,7,512
2519,0,4,2,631
2520,0,6,2,3199
2521,1,3,17,1693
2522,1,1,11,2078
2523,1,2,17,1692
2524,0,6,9,1333
2525,0,3,1,1313
2526,1,6,13,1314
2527,1,3,15,1272
2528,1,6,0,1313
2529,0,3,9,3234
2530,1,1,0,1370
2531,0,4,7,1743
2532,0,6,13,1309
2533,0,2,3,1692
2534,0,5,6,1313
2535,0,6,2,196
2536,1,6,13,1303
2537,1,3,11,1296
2538,1,6,13,1314
2539,1,3,7,1147
2540,0,4,6,1370
2541,0,3,5,1693
2542,0,4,13,1313
2543,0,3,0,1370
2544,1,4,1,1741
2545,1,6,13,1303
2546,0,6,13,1318
2547,0,3,0,1312
2548,0,3,6,1310
2549,1,6,13,1320
2550,1,5,7,1318
2551,1,2,12,3369
2552,0,2,9,1035
2553,1,2,7,1035
2554,1,2,1,3315
2555,1,6,7,439
2556,1,2,4,132
2557,0,1,19,136
2558,1,6,17,1758
2559,1,1,10,1770
2560,0,4,6,2627
2561,1,2,15,283
2562,1,1,0,3330
2563,1,4,13,1762
2564,0,3,20,1395
2565,1,3,5,1256
2566,1,3,17,3034
2567,1,2,0,281
2568,1,2,17,1120
2569,1,4,0,1498
2570,0,6,14,3152
2571,1,3,17,791
2572,1,3,14,2323
2573,1,4,16,3098
2574,1,5,6,285
2575,1,3,7,2383
2576,1,1,17,3269
2577,1,2,7,2419
2578,1,5,7,3054
2579,1,3,15,2856
2580,0,4,1,541
2581,1,2,11,2075
2582,0,2,1,3281
2583,1,3,7,761
2584,0,6,1,3108
2585,1,4,15,2174
2586,1,2,20,1556
2587,1,3,7,1870
2588,0,6,13,2492
2589,1,2,0,702
2590,1,1,4,3041
2591,1,1,1,1728
2592,1,5,7,2519
2593,1,6,16,3221
2594,1,3,7,1116
2595,1,1,4,646
2596,1,5,7,1614
2597,0,5,0,3209
2598,1,2,17,819
2599,1,2,12,1766
2600,1,2,14,739
2601,1,3,16,988
2602,1,4,12,2913
2603,1,2,17,730
2604,1,2,0,1512
2605,1,3,7,2327
2606,1,5,7,1245
2607,0,6,0,1619
2608,0,2,1,418
2609,0,5,12,1894
2610,1,4,7,1643
2611,1,2,3,338
2612,0,4,3,3106
2613,1,3,1,2924
2614,1,2,7,643
2615,1,2,7,835
2616,1,3,7,159
2617,0,4,15,2016
2618,0,1,4,1784
2619,1,3,12,3213
2620,1,1,4,1572
2621,1,1,0,1542
2622,0,3,6,980
2623,1,6,1,1101
2624,0,3,0,1452
2625,1,3,7,2115
2626,1,6,1,220
2627,1,2,1,299
2628,0,2,2,474
2629,1,2,11,649
2630,0,1,5,2483
2631,0,5,1,631
2632,1,6,0,1403
2633,0,3,9,340
2634,1,6,1,654
2635,1,3,0,275
2636,1,1,12,2497
2637,0,3,20,1447
2638,1,2,14,276
2639,0,2,6,2550
2640,1,3,12,2461
2641,1,2,6,754
2642,1,2,0,1187
2643,1,4,17,3420
2644,1,1,15,1483
2645,1,2,7,2092
2646,1,4,17,690
2647,0,3,11,637
2648,1,2,17,993
2649,1,2,16,2532
2650,1,4,7,2339
2651,1,6,14,509
2652,1,3,20,2604
2653,1,2,7,3056
2654,0,3,9,1648
2655,1,3,7,2213
2656,1,6,13,1172
2657,0,0,10,1574
2658,1,2,7,2024
2659,1,3,14,13
2660,1,6,17,1022
2661,1,6,13,739
2662,1,2,17,78
2663,0,2,4,120
2664,1,3,7,1749
2665,1,3,11,3393
2666,1,4,16,2152
2667,0,3,6,356
2668,0,2,4,3057
2669,1,4,0,949
2670,1,3,6,3115
2671,0,3,12,1807
2672,1,3,7,225
2673,1,3,7,2404
2674,1,2,4,3057
2675,1,3,18,3410
2676,1,6,20,2489
2677,0,3,7,2207
2678,1,2,6,1712
2679,0,1,4,108
2680,1,2,12,64
2681,0,2,4,1665
2682,1,1,4,1386
2683,1,3,7,2037
2684,0,1,0,734
2685,1,4,7,94
2686,1,2,0,2660
2687,1,0,10,376
2688,1,2,17,1825
2689,1,2,12,975
2690,1,2,7,945
2691,1,1,4,282
2692,0,1,4,622
2693,1,6,13,2290
2694,1,1,4,2746
2695,1,3,11,1522
2696,1,2,7,945
2697,0,5,17,2687
2698,0,2,2,420
2699,0,6,13,2313
2700,1,2,7,1078
2701,1,4,1,2024
2702,1,4,6,2189
2703,1,3,11,1754
2704,1,6,13,2287
2705,1,2,1,995
2706,0,2,1,995
2707,1,6,13,943
2708,1,2,7,1425
2709,0,2,0,2094
2710,1,3,17,3076
2711,0,2,4,14
2712,0,1,19,1239
2713,1,2,7,3253
2714,1,1,4,3255
2715,0,5,4,3259
2716,0,5,4,3260
2717,1,2,4,3261
2718,0,2,4,3256
2719,1,2,12,3349
2720,1,3,0,812
2721,1,4,14,749
2722,1,3,7,868
2723,0,2,9,1006
2724,0,4,2,977
2725,1,3,7,1069
2726,1,4,11,116
2727,1,2,11,2070
2728,1,3,12,989
2729,1,5,7,677
2730,1,3,11,1662
2731,1,3,7,463
2732,1,4,17,2986
2733,1,4,17,3030
2734,0,1,4,181
2735,1,2,7,904
2736,1,4,12,2554
2737,1,2,3,1729
2738,0,5,2,876
2739,0,3,7,2939
2740,1,4,17,876
2741,1,2,14,2078
2742,1,2,17,1269
2743,1,2,14,2282
2744,1,1,17,1803
2745,0,3,1,1101
2746,1,5,14,1725
2747,0,1,4,2747
2748,1,2,4,2677
2749,1,2,12,418
2750,0,2,15,2849
2751,0,2,16,1004
2752,1,2,15,2393
2753,0,5,20,980
2754,1,5,12,2029
2755,1,3,7,1045
2756,1,1,4,3304
2757,1,2,2,416
2758,1,6,8,538
2759,1,2,7,1270
2760,1,6,0,67
2761,1,3,6,2576
2762,1,5,16,2155
2763,0,1,4,1600
2764,1,2,7,2854
2765,1,5,7,130
2766,1,4,7,1832
2767,1,2,0,3423
2768,1,2,17,2771
2769,1,2,7,793
2770,1,3,1,606
2771,1,1,1,2900
2772,1,3,17,418
2773,1,3,2,2502
2774,1,2,1,2912
2775,0,1,4,2758
2776,1,2,14,880
2777,1,1,4,3185
2778,1,6,13,3036
2779,1,3,7,425
2780,1,2,17,3072
2781,1,3,4,1480
2782,0,1,4,1669
2783,1,4,17,2497
2784,1,5,20,776
2785,1,6,13,1055
2786,1,2,4,2040
2787,1,2,4,2078
2788,1,6,1,2764
2789,1,1,4,2747
2790,1,2,20,2632
2791,1,6,7,416
2792,1,1,4,136
2793,1,3,7,2250
2794,1,2,2,781
2795,1,5,13,1228
2796,1,2,14,2913
2797,0,2,7,3040
2798,1,3,20,423
2799,1,1,0,1898
2800,0,1,4,2296
2801,0,2,3,554
2802,1,3,20,422
2803,1,2,7,3034
2804,0,3,0,1536
2805,1,6,19,258
2806,1,0,10,644
2807,0,3,11,868
2808,1,6,16,2074
2809,1,2,7,409
2810,0,0,10,2175
2811,1,2,19,3067
2812,1,2,17,2073
2813,1,2,20,1901
2814,1,3,7,97
2815,1,3,17,2053
2816,1,2,7,1996
2817,1,3,12,1761
2818,1,2,12,1853
2819,1,4,14,1427
2820,0,3,0,103
2821,1,1,20,422
2822,1,5,7,400
2823,1,2,4,136
2824,1,1,4,90
2825,0,2,20,3032
2826,1,3,12,405
2827,1,2,17,3044
2828,1,1,4,138
2829,1,4,20,407
2830,1,3,7,3086
2831,1,2,0,1139
2832,1,2,17,781
2833,1,2,15,2631
2834,1,3,1,1203
2835,1,3,20,2081
2836,1,2,12,348
2837,1,1,0,1703
2838,1,1,1,3233
2839,1,2,17,400
2840,1,2,0,2094
2841,1,5,12,3345
2842,1,3,17,1081
2843,0,2,4,2484
2844,1,2,20,2688
2845,1,2,4,2309
2846,0,1,4,2865
2847,1,1,4,419
2848,1,2,0,1573
2849,1,4,11,3060
2850,1,1,20,3119
2851,0,2,7,3054
2852,1,2,12,3340
2853,1,0,1,1458
2854,0,1,4,2182
2855,1,2,4,3050
2856,1,3,11,862
2857,1,2,0,435
2858,0,0,10,2282
2859,1,1,1,3220
2860,1,3,17,778
2861,1,2,15,284
2862,1,4,7,1839
2863,0,2,2,992
2864,0,3,3,502
2865,0,2,6,833
2866,1,2,7,1799
2867,1,4,17,642
2868,1,3,12,3036
2869,1,5,17,330
2870,1,5,18,3202
2871,0,2,14,3358
2872,1,2,20,3032
2873,0,1,4,2175
2874,0,3,20,781
2875,1,2,2,407
2876,1,2,17,112
2877,1,3,1,2570
2878,0,5,20,2702
2879,1,1,4,2011
2880,1,1,12,1899
2881,0,2,12,2398
2882,1,1,20,2500
2883,1,1,20,1075
2884,0,5,3,1777
2885,0,1,1,2553
2886,1,1,4,2013
2887,1,2,3,2208
2888,1,2,14,1928
2889,1,3,3,1851
2890,1,3,7,2769
2891,0,1,4,2202
2892,1,2,4,2610
2893,1,2,1,3036
2894,1,1,4,1431
2895,1,2,11,308
2896,1,1,14,2013
2897,1,2,5,3315
2898,1,1,4,137
2899,1,3,14,3072
2900,1,1,12,3169
2901,1,2,17,2496
2902,1,2,12,3328
2903,1,2,16,816
2904,1,2,4,665
2905,1,3,17,1902
2906,1,3,19,1915
2907,0,3,5,537
2908,1,1,2,2319
2909,1,2,7,1393
2910,1,0,19,2361
2911,0,2,4,1938
2912,0,1,4,1600
2913,0,3,20,3364
2914,1,2,4,2956
2915,1,2,7,924
2916,1,4,2,3329
2917,1,2,0,2040
2918,1,2,12,3359
2919,1,1,17,2704
2920,1,2,2,1862
2921,1,5,1,1776
2922,1,2,17,1749
2923,1,3,12,1440
2924,0,1,4,3066
2925,0,2,4,928
2926,0,1,2,1864
2927,1,2,12,943
2928,1,2,2,2768
2929,1,1,2,2078
2930,1,5,17,1509
2931,1,1,4,666
2932,1,2,12,1889
2933,1,3,11,1129
2934,0,3,20,2839
2935,1,2,0,1872
2936,0,1,4,3067
2937,0,1,4,1597
2938,0,2,0,1888
2939,0,2,15,3137
2940,1,2,0,108
2941,1,3,12,3337
2942,0,5,1,3003
2943,1,3,12,3233
2944,0,1,4,1600
2945,0,3,17,2735
2946,1,3,16,2963
2947,0,2,0,103
2948,1,1,14,1620
2949,1,2,17,3337
2950,1,1,0,2285
2951,0,3,14,3076
2952,1,2,4,285
2953,1,2,20,920
2954,1,1,2,492
2955,1,3,14,2896
2956,1,2,12,1724
2957,1,1,4,1600
2958,1,2,7,2886
2959,1,3,17,261
2960,1,1,4,1600
2961,1,5,17,2888
2962,1,3,3,3056
2963,0,1,4,1600
2964,1,2,17,307
2965,0,3,4,1597
2966,0,2,4,1600
2967,1,2,0,3057
2968,0,1,0,1600
2969,1,2,7,297
2970,1,1,4,1600
2971,1,2,4,1600
2972,1,2,4,3303
2973,0,1,4,1603
2974,1,1,4,1601
2975,1,3,11,824
2976,1,1,20,2682
2977,0,1,4,1600
2978,1,3,20,1490
2979,1,3,2,1495
2980,1,4,7,2873
2981,1,4,6,1751
2982,1,2,4,1824
2983,1,1,4,3325
2984,1,2,4,1601
2985,1,1,4,3305
2986,1,2,4,943
2987,1,1,4,646
2988,0,1,6,2926
2989,1,3,12,3303
2990,1,3,12,1495
2991,1,5,1,1601
2992,1,1,4,632
2993,1,1,19,523
2994,1,3,5,3153
2995,1,2,15,3305
2996,1,1,0,2135
2997,0,3,16,1492
2998,0,2,1,1493
2999,1,2,7,1233
3000,1,2,4,1903
3001,1,1,4,3128
3002,1,4,11,2750
3003,1,1,15,3117
3004,0,1,4,103
3005,1,2,17,3072
3006,1,1,4,1517
3007,1,3,0,1199
3008,1,1,4,3082
3009,0,3,3,1859
3010,1,2,12,2500
3011,1,2,1,400
3012,1,2,12,2477
3013,1,4,17,3278
3014,1,3,7,279
3015,1,6,6,2132
3016,1,1,12,2500
3017,0,3,9,2652
3018,1,3,0,1494
3019,1,5,12,3303
3020,0,3,7,2042
3021,0,4,15,2497
3022,1,2,17,2488
3023,0,2,7,2917
3024,1,3,17,607
3025,0,3,0,2739
3026,0,1,4,1517
3027,1,1,4,2677
3028,1,0,10,548
3029,1,1,4,2900
3030,1,3,1,1597
3031,1,1,4,1612
3032,1,2,0,1571
3033,1,1,4,179
3034,0,1,1,1193
3035,0,2,7,2775
3036,1,6,13,630
3037,0,2,2,3305
3038,0,3,2,3312
3039,0,5,3,1221
3040,1,2,8,869
3041,1,2,4,3305
3042,1,6,1,1680
3043,1,1,2,2769
3044,1,3,16,2421
3045,1,4,1,2804
3046,1,0,4,1543
3047,0,2,4,3063
3048,1,1,2,84
3049,0,5,0,131
3050,1,3,12,3036
3051,1,1,17,3044
3052,1,3,12,422
3053,0,2,3,1848
3054,1,1,4,1416
3055,0,2,3,3398
3056,1,2,18,429
3057,0,2,12,1928
3058,1,1,12,1869
3059,1,3,0,2328
3060,0,3,1,2979
3061,1,4,2,1039
3062,1,1,4,189
3063,1,1,4,189
3064,1,3,17,2748
3065,0,1,4,1612
3066,1,1,4,2111
3067,0,2,0,111
3068,0,3,9,2207
3069,1,1,4,3318
3070,0,1,4,450
3071,1,2,1,93
3072,1,5,1,1872
3073,1,2,0,2750
3074,1,2,0,926
3075,0,2,11,264
3076,1,3,17,1059
3077,1,1,4,1384
3078,0,3,1,116
3079,0,2,1,1905
3080,1,2,20,1905
3081,1,2,7,2420
3082,0,3,6,1512
3083,0,5,0,3314
3084,1,2,16,34
3085,1,2,4,2482
3086,1,1,12,3353
3087,0,0,1,2813
3088,0,2,4,2690
3089,1,4,16,3014
3090,1,2,2,2739
3091,0,2,0,723
3092,1,3,15,3356
3093,0,4,20,2722
3094,1,3,0,1060
3095,0,2,3,294
3096,0,4,3,1323
3097,0,2,5,414
3098,1,2,4,1859
3099,1,2,17,830
3100,0,2,6,2857
3101,1,1,15,2823
3102,1,2,12,1242
3103,1,2,20,2177
3104,1,1,17,95
3105,1,3,12,3374
3106,1,2,0,1192
3107,1,2,17,2968
3108,1,5,6,865
3109,0,2,11,1383
3110,1,2,0,399
3111,1,1,4,1964
3112,1,1,12,3369
3113,1,2,10,1909
3114,1,1,5,2192
3115,1,3,17,1644
3116,1,2,12,3338
3117,1,3,0,2597
3118,1,2,0,2400
3119,1,4,1,1278
3120,1,1,4,1909
3121,1,2,2,1134
3122,0,2,7,883
3123,1,2,2,2792
3124,1,2,12,1097
3125,1,2,7,418
3126,1,2,2,1134
3127,0,2,0,400
3128,1,1,2,406
3129,1,2,7,845
3130,1,2,7,1170
3131,0,2,2,2757
3132,1,3,7,3395
3133,1,1,4,1229
3134,1,1,4,1938
3135,1,2,15,537
3136,0,2,4,2288
3137,1,2,11,474
3138,1,3,17,1535
3139,1,6,13,2720
3140,0,2,4,2487
3141,1,2,14,2586
3142,1,2,20,2677
3143,0,5,16,2784
3144,0,2,7,2656
3145,1,1,4,103
3146,1,2,0,1123
3147,1,2,14,1688
3148,1,1,20,2289
3149,1,1,4,2953
3150,0,2,3,2989
3151,0,2,0,2995
3152,1,1,4,2111
3153,0,2,4,2302
3154,0,2,4,3209
3155,1,2,7,1859
3156,1,3,7,333
3157,1,2,12,2996
3158,1,2,15,647
3159,0,2,15,646
3160,1,2,17,2434
3161,1,2,7,1903
3162,1,2,1,387
3163,1,1,15,3209
3164,1,1,12,1864
3165,1,3,7,2075
3166,1,1,4,1154
3167,1,2,2,2408
3168,0,3,5,3101
3169,1,5,0,936
3170,1,2,0,367
3171,0,5,3,428
3172,1,1,12,1903
3173,1,2,12,1882
3174,0,1,14,411
3175,1,3,16,408
3176,1,2,17,3177
3177,0,2,6,3071
3178,0,3,5,1452
3179,0,1,20,96
3180,1,2,14,319
3181,1,2,12,320
3182,1,2,12,554
3183,1,5,7,2057
3184,0,2,18,850
3185,1,1,7,1884
3186,1,5,1,2926
3187,1,3,12,1175
3188,1,6,13,1887
3189,1,2,16,2790
3190,1,0,17,3271
3191,1,2,12,993
3192,1,1,4,181
3193,1,2,0,2893
3194,1,2,15,2966
3195,1,1,4,2546
3196,0,1,4,1484
3197,0,1,14,3057
3198,1,2,12,3057
3199,1,1,0,1969
3200,0,2,1,3371
3201,1,4,7,1261
3202,0,1,4,943
3203,1,3,0,2781
3204,1,4,16,2555
3205,0,3,16,2555
3206,1,1,20,1420
3207,1,3,7,2074
3208,1,2,14,1100
3209,1,2,0,856
3210,0,4,0,93
3211,1,5,16,779
3212,0,2,17,473
3213,0,2,1,2598
3214,0,6,7,412
3215,0,5,13,1934
3216,1,3,1,1812
3217,0,3,0,2963
3218,1,6,6,1589
3219,0,1,4,1808
3220,1,3,7,1805
3221,1,2,0,722
3222,1,3,7,446
3223,1,2,20,408
3224,0,2,14,3012
3225,1,1,0,649
3226,1,3,4,419
3227,0,2,14,2092
3228,1,2,14,253
3229,0,6,1,3004
3230,1,3,16,2963
3231,1,2,7,1859
3232,1,3,12,2988
3233,1,5,2,2094
3234,0,0,0,2741
3235,1,1,4,2699
3236,1,1,15,2691
3237,1,3,7,252
3238,1,3,7,427
3239,0,2,12,341
3240,1,1,4,1897
3241,0,5,0,774
3242,1,5,13,3049
3243,1,2,12,3362
3244,0,1,4,2965
3245,1,1,2,380
3246,0,3,1,2654
3247,1,3,15,2967
3248,0,2,7,3061
3249,0,2,4,2966
3250,1,2,4,2769
3251,1,3,17,652
3252,1,5,0,2375
3253,0,3,4,961
3254,0,3,6,3232
3255,0,2,15,2884
3256,1,2,15,2919
3257,1,2,14,3053
3258,1,4,6,125
3259,0,1,4,3209
3260,1,2,4,1463
3261,1,4,20,2696
3262,1,2,14,1894
3263,1,5,11,2204
3264,0,2,1,3098
3265,1,2,15,1790
3266,0,2,4,3209
3267,1,2,4,2484
3268,1,2,12,229
3269,0,1,20,1485
3270,1,1,11,1485
3271,0,3,0,2978
3272,1,3,0,365
3273,1,3,7,468
3274,1,2,20,83
3275,1,3,7,420
3276,1,2,20,1894
3277,1,2,17,3054
3278,1,3,7,408
3279,1,4,15,2996
3280,1,2,7,1218
3281,1,2,17,2513
3282,1,4,3,778
3283,1,3,16,2209
3284,1,2,6,1624
3285,1,2,4,1471
3286,0,3,7,2522
3287,1,6,13,978
3288,1,2,14,3072
3289,1,4,6,3215
3290,1,2,14,2790
3291,0,2,7,980
3292,0,5,6,2508
3293,1,4,14,1293
3294,1,1,4,2496
3295,1,1,18,2927
3296,1,1,14,2790
3297,1,1,4,2840
3298,1,0,10,822
3299,0,2,4,728
3300,1,3,5,728
3301,0,2,2,2677
3302,1,2,17,2309
3303,1,6,17,276
3304,0,4,5,2967
3305,1,6,20,3132
3306,1,4,14,2003
3307,1,5,6,2806
3308,0,1,20,655
3309,1,2,17,803
3310,1,4,14,543
3311,1,2,4,2759
3312,0,1,4,2759
3313,1,3,20,2790
3314,1,2,7,288
3315,1,2,12,2489
3316,1,0,19,2950
3317,1,2,4,2484
3318,1,6,13,1064
3319,0,6,13,2937
3320,1,2,1,1956
3321,1,3,1,3190
3322,0,1,4,2241
3323,1,3,14,510
3324,1,3,17,1592
3325,0,3,14,1335
3326,1,4,7,2181
3327,1,1,12,2857
3328,1,6,19,2881
3329,1,5,18,2282
3330,0,3,1,1579
3331,0,2,7,298
3332,1,2,7,298
3333,1,1,16,1037
3334,1,3,0,395
3335,1,2,0,416
3336,1,3,17,3013
3337,1,2,4,3291
3338,1,4,16,357
3339,1,2,17,1426
3340,1,4,16,1595
3341,1,2,20,2870
3342,0,2,5,2979
3343,0,1,4,2514
3344,1,3,0,391
3345,1,2,7,696
3346,1,3,7,1805
3347,0,3,7,2850
3348,1,4,16,3101
3349,0,1,4,2901
3350,0,1,0,814
3351,0,1,5,2995
3352,1,3,0,1105
3353,1,3,17,2976
3354,1,2,7,695
3355,1,2,1,1343
3356,1,3,7,3158
3357,1,2,18,2171
3358,0,2,1,2880
3359,1,2,20,909
3360,0,2,0,2964
3361,1,2,4,2880
3362,0,2,0,2773
3363,0,3,9,219
3364,1,6,13,671
3365,1,5,17,911
3366,1,3,14,374
3367,1,5,16,418
3368,1,2,14,1926
3369,1,4,18,625
3370,1,1,4,2990
3371,1,2,2,1899
3372,1,6,13,1864
3373,1,1,16,3133
3374,1,3,5,2186
3375,1,2,4,2729
3376,1,3,16,451
3377,1,2,17,198
3378,1,1,4,1612
3379,1,3,1,782
3380,1,5,0,814
3381,1,2,0,3243
3382,0,0,10,1878
3383,1,6,16,188
3384,1,3,7,2834
3385,0,2,9,1136
3386,1,1,4,1909
3387,1,1,1,3130
3388,0,2,1,2964
3389,1,1,0,592
3390,0,4,20,147
3391,1,1,4,1612
3392,1,5,6,361
3393,1,3,12,2068
3394,1,3,7,2769
3395,1,2,7,100
3396,1,2,12,647
3397,1,2,5,1909
3398,1,1,20,1061
3399,1,2,4,623
3400,1,2,14,373
3401,1,3,7,2376
3402,1,3,20,1088
3403,1,3,5,1650
3404,1,2,8,3190
3405,1,3,14,2909
3406,0,2,7,2647
3407,0,4,5,2007
3408,1,2,17,629
3409,1,2,4,1609
3410,1,3,1,800
3411,1,1,4,104
3412,1,2,18,2646
3413,0,2,17,2909
3414,1,2,17,2345
3415,1,3,7,2533
3416,1,2,12,816
3417,0,1,2,619
3418,0,1,3,886
3419,1,4,1,664
3420,0,2,7,1601
3421,1,4,7,3085
3422,1,2,5,1391
3423,1,2,7,2612
3424,1,2,6,2919
3425,1,1,20,1612
3426,1,2,20,2762
3427,1,2,14,2470
3428,1,4,1,1579
3429,0,2,7,3116
3430,0,4,1,644
3431,0,4,6,1670
3432,1,2,12,972
3433,1,1,12,1860
3434,1,1,4,1670
3435,1,4,1,1670
3436,1,3,0,3400
3437,0,2,0,1286
3438,0,2,0,2491
3439,1,1,17,2377
3440,1,6,17,1168
3441,0,2,14,3056
3442,1,1,12,823
3443,0,3,17,1628
3444,1,5,14,1212
3445,0,3,20,2890
3446,1,2,7,1109
3447,1,2,12,3070
3448,0,1,3,2087
3449,1,2,14,107
3450,1,2,5,2467
3451,0,2,11,3063
3452,1,2,14,336
3453,1,3,7,349
3454,1,1,0,2926
3455,0,2,0,335
3456,1,2,17,1809
3457,1,2,20,716
3458,1,4,0,99
3459,1,1,4,2384
3460,1,0,4,406
3461,1,3,0,3196
3462,0,2,4,2302
3463,1,2,15,2552
3464,0,2,14,2467
3465,1,2,14,1504
3466,1,2,14,3078
3467,1,2,14,1915
3468,1,2,20,3101
3469,1,4,17,119
3470,1,3,17,1716
3471,1,1,4,2553
3472,1,2,6,1195
3473,0,3,16,145
3474,1,3,11,440
3475,1,2,14,1189
3476,1,5,0,1429
3477,0,5,1,417
3478,1,2,7,412
3479,1,1,4,2474
3480,1,2,0,1985
3481,1,1,4,3067
3482,1,5,17,356
3483,0,4,7,1084
3484,1,1,4,1016
3485,1,2,0,3066
3486,0,1,0,3381
3487,1,1,4,2075
3488,1,4,17,2546
3489,1,1,4,2040
3490,1,2,0,2315
3491,1,2,16,1018
3492,1,3,7,2392
3493,1,2,17,2102
3494,1,2,1,1020
3495,1,1,4,3119
3496,1,3,5,2994
3497,0,3,2,3056
3498,1,2,17,1002
3499,1,2,3,2393
3500,1,3,7,799
3501,0,3,7,1091
3502,0,1,7,2560
3503,1,1,4,1988
3504,1,1,7,120
3505,0,2,15,1938
3506,1,1,12,2560
3507,1,2,0,145
3508,1,1,4,114
3509,1,1,4,93
3510,0,1,4,107
3511,1,5,0,2701
3512,1,1,17,105
3513,1,2,16,68
3514,1,1,12,1093
3515,1,3,3,1837
3516,1,1,4,1367
3517,1,1,12,1795
3518,0,1,7,473
3519,0,2,14,473
3520,1,2,0,1355
3521,1,2,0,1772
3522,1,1,0,3317
3523,1,3,7,1780
3524,0,2,0,2593
3525,0,1,4,107
3526,1,3,2,2125
3527,1,2,0,1772
3528,1,3,5,1363
3529,0,4,1,3307
3530,1,2,0,2410
3531,0,2,11,1904
3532,0,3,14,420
3533,1,2,2,1887
3534,1,3,17,2239
3535,1,4,18,2442
3536,1,1,4,1968
3537,1,0,10,3313
3538,1,3,0,1352
3539,0,2,4,2393
3540,1,1,17,1969
3541,1,2,3,150
3542,1,2,15,628
3543,1,2,17,2093
3544,0,2,4,2948
3545,1,3,12,2948
3546,1,2,20,1364
3547,1,3,16,3055
3548,1,4,7,2999
3549,0,3,7,2027
3550,1,2,5,1934
3551,0,6,0,3389
3552,0,3,2,174
3553,1,3,16,2105
3554,1,2,15,641
3555,1,6,7,1922
3556,1,2,17,182
3557,1,1,5,1620
3558,1,1,17,2202
3559,1,1,4,485
3560,0,2,6,2311
3561,1,3,14,2163
3562,0,2,6,1167
3563,1,2,2,1189
3564,1,2,11,117
3565,1,2,18,1787
3566,1,4,0,1803
3567,1,2,14,1825
3568,1,2,0,3400
3569,0,1,2,1665
3570,1,3,12,711
3571,1,1,4,426
3572,1,3,11,236
3573,1,0,10,1670
3574,0,3,6,1207
3575,1,2,18,1825
3576,1,5,7,2228
3577,0,6,0,0
3578,1,5,3,3245
3579,1,1,0,1137
3580,0,1,3,1137
3581,1,1,1,1971
3582,0,3,0,1750
3583,0,2,9,1361
3584,1,1,0,2388
3585,1,3,20,2087
3586,1,3,20,2087
3587,1,3,3,3020
3588,1,2,2,2768
3589,0,4,0,2520
3590,0,1,15,93
3591,1,3,6,3240
3592,0,6,2,3433
3593,0,2,9,1801
3594,1,0,0,122
3595,1,2,0,2635
3596,0,3,4,721
3597,1,2,17,1933
3598,1,6,1,2771
3599,1,2,16,3311
3600,1,3,20,3086
3601,0,3,3,3194
3602,1,2,12,1932
3603,0,3,7,2483
3604,0,0,10,174
3605,1,1,12,2087
3606,0,2,15,133
3607,1,3,17,1149
3608,0,3,9,174
3609,0,2,17,1632
3610,1,1,6,1066
3611,1,2,2,2628
3612,1,2,14,1042
3613,1,2,0,1287
3614,1,2,0,1511
3615,1,2,17,2370
3616,1,4,0,1230
3617,1,3,7,1679
3618,1,6,17,898
3619,1,5,16,3275
3620,1,2,7,3063
3621,1,1,4,1181
3622,1,1,1,134
3623,1,3,11,1385
3624,1,2,12,2012
3625,1,1,10,1656
3626,1,2,17,2338
3627,0,3,1,2662
3628,1,2,7,2489
3629,0,5,7,415
3630,1,1,4,2392
3631,1,1,4,2392
3632,1,5,11,1235
3633,1,3,18,2048
3634,1,5,1,2700
3635,1,5,1,2011
3636,1,2,0,292
3637,1,2,6,3069
3638,1,2,2,2758
3639,1,1,4,2466
3640,1,3,7,129
3641,1,2,0,2889
3642,0,2,7,3377
3643,1,2,17,884
3644,0,2,11,1794
3645,1,3,17,3296
3646,1,3,20,3354
3647,1,2,7,2534
3648,1,1,4,2645
3649,0,2,0,3061
3650,1,2,0,2075
3651,1,2,14,3352
3652,1,2,12,3119
3653,1,1,15,3242
3654,1,2,17,3137
3655,0,2,7,3066
3656,0,4,5,1248
3657,1,1,17,3170
3658,0,2,7,315
3659,1,1,4,1047
3660,1,3,7,638
3661,1,3,12,385
3662,1,3,16,375
3663,0,3,9,673
3664,0,3,1,3040
3665,1,2,0,3234
3666,1,4,0,2233
3667,0,0,10,449
3668,0,4,7,1210
3669,1,2,14,2029
3670,1,4,14,1869
3671,1,2,4,3351
3672,1,3,5,366
3673,1,2,2,400
3674,1,2,20,1032
3675,1,3,7,291
3676,0,3,12,1604
3677,0,2,12,302
3678,1,2,0,300
3679,1,2,4,2229
3680,0,2,1,3143
3681,1,2,7,1048
3682,0,5,1,449
3683,1,2,2,1108
3684,1,2,17,2601
3685,1,2,5,1846
3686,1,2,7,1589
3687,0,5,1,2122
3688,1,1,6,847
3689,1,2,0,2572
3690,1,1,0,2144
3691,1,2,7,836
3692,1,3,17,2725
3693,1,2,15,3043
3694,1,2,12,1011
3695,1,2,2,3399
3696,1,3,7,737
3697,1,2,15,2241
3698,1,2,7,1769
3699,0,6,3,1079
3700,1,2,14,414
3701,1,3,1,2956
3702,1,3,15,1760
3703,1,1,12,3313
3704,0,3,0,233
3705,1,4,7,1071
3706,1,2,12,1552
3707,0,1,0,1254
3708,1,6,7,1074
3709,1,2,12,2733
3710,1,0,10,168
3711,1,3,0,1149
3712,1,2,17,2001
3713,0,2,7,877
3714,1,2,17,2919
3715,1,1,5,1920
3716,1,1,12,1273
3717,1,3,17,3097
3718,1,5,17,340
3719,1,2,1,1342
3720,1,4,7,1379
3721,1,2,15,3045
3722,1,2,18,2566
3723,1,2,14,1756
3724,1,3,6,2415
3725,1,1,4,1155
3726,1,2,17,2997
3727,1,3,7,2318
3728,1,1,4,307
3729,1,1,4,782
3730,1,2,1,1672
3731,1,2,17,2226
3732,1,2,17,2030
3733,1,1,4,164
3734,1,1,4,2448
3735,1,2,0,403
3736,1,3,1,1438
3737,1,2,14,1283
3738,1,4,7,69
3739,1,6,11,1589
3740,1,1,5,1862
3741,1,2,0,3257
3742,1,2,0,2783
3743,0,3,7,2720
3744,1,2,0,2089
3745,0,2,9,1694
3746,1,2,5,1816
3747,1,4,13,2713
3748,1,1,4,79
3749,0,2,0,2095
3750,0,1,4,3062
3751,0,3,12,1940
3752,0,1,1,2683
3753,1,2,7,1373
3754,1,6,7,3123
3755,0,5,14,377
3756,1,1,12,1767
3757,1,2,7,2954
3758,0,3,5,78
3759,1,3,6,1819
3760,1,5,0,1874
3761,1,2,17,988
3762,1,5,6,504
3763,1,2,2,3399
3764,1,2,1,267
3765,0,5,3,1254
3766,0,1,1,1511
3767,1,2,0,3077
3768,1,2,4,2683
3769,1,2,15,134
3770,0,3,3,1733
3771,1,2,1,635
3772,1,3,17,261
3773,1,3,6,1724
3774,1,2,0,1751
3775,1,3,12,621
3776,0,2,4,1724
3777,1,1,4,913
3778,1,2,0,2114
3779,0,4,2,3391
3780,1,0,0,1568
3781,0,6,11,1809
3782,0,2,0,3116
3783,1,2,7,3299
3784,0,2,1,3332
3785,0,2,20,3010
3786,0,2,0,3061
3787,0,2,0,3127
3788,0,1,0,3113
3789,0,2,0,3057
3790,0,2,17,3125
3791,1,5,18,2060
3792,1,2,6,2229
3793,1,1,4,842
3794,0,1,4,1771
3795,0,1,4,2855
3796,1,4,14,78
3797,1,2,7,130
3798,1,2,7,1646
3799,1,1,0,683
3800,1,1,1,1511
3801,1,1,12,1273
3802,1,1,0,3091
3803,0,3,9,703
3804,1,2,6,285
3805,0,3,1,2708
3806,1,1,4,1851
3807,0,3,19,1130
3808,1,2,7,1993
3809,1,3,6,799
3810,1,5,7,780
3811,1,2,15,3352
3812,1,3,17,2496
3813,1,3,7,2574
3814,1,2,15,3351
3815,1,2,17,1782
3816,0,2,3,2745
3817,1,3,3,789
3818,1,4,17,1172
3819,1,2,12,1273
3820,1,2,17,2815
3821,1,2,20,1452
3822,1,4,20,3332
3823,1,6,7,3023
3824,1,2,17,1144
3825,1,1,1,272
3826,1,2,1,1601
3827,1,5,2,2686
3828,1,2,20,2911
3829,0,2,1,888
3830,1,1,4,2085
3831,0,1,6,2630
3832,0,2,7,1389
3833,1,2,1,2241
3834,1,1,2,122
3835,1,2,7,1355
3836,0,5,8,2629
3837,1,2,17,1025
3838,0,2,14,421
3839,1,5,14,158
3840,0,2,0,119
3841,1,4,18,954
3842,0,3,16,2901
3843,0,0,10,1127
3844,1,1,4,2297
3845,1,2,12,3045
3846,1,3,0,1236
3847,1,2,7,550
3848,1,2,15,2265
3849,1,3,0,600
3850,1,1,3,2936
3851,1,2,12,2092
3852,1,5,16,2042
3853,1,2,14,2956
3854,1,2,14,1099
3855,1,2,17,826
3856,0,3,20,3015
3857,1,1,14,381
3858,0,4,9,2146
3859,1,2,0,2723
3860,1,4,17,1430
3861,1,1,4,547
3862,1,2,17,418
3863,1,2,0,3104
3864,1,5,20,1044
3865,0,0,10,3233
3866,1,4,14,2154
3867,1,3,3,1483
3868,1,1,12,2298
3869,1,1,17,2167
3870,1,2,17,3162
3871,1,1,4,2185
3872,1,2,1,618
3873,0,4,2,3104
3874,1,2,7,2912
3875,1,2,0,2215
3876,1,2,0,480
3877,1,4,1,1227
3878,1,3,16,874
3879,1,2,3,2596
3880,1,2,7,1826
3881,1,1,2,1464
3882,1,6,14,1884
3883,1,5,16,2471
3884,1,1,4,2500
3885,1,2,12,2981
3886,1,3,7,3153
3887,1,1,4,2561
3888,1,4,17,85
3889,1,4,6,2206
3890,1,1,4,1193
3891,0,6,16,2759
3892,1,2,20,2862
3893,1,2,6,2507
3894,1,3,16,104
3895,0,3,0,806
3896,1,3,0,2097
3897,1,6,17,2906
3898,1,4,11,54
3899,1,2,17,101
3900,0,2,14,1886
3901,1,1,14,2659
3902,1,2,5,1537
3903,1,2,0,152
3904,1,0,10,1657
3905,1,2,17,1271
3906,1,5,17,1810
3907,0,1,14,877
3908,1,2,0,414
3909,1,1,17,721
3910,1,2,20,2862
3911,1,1,0,2900
3912,1,2,4,721
3913,1,1,17,1347
3914,1,3,4,2626
3915,0,3,3,2268
3916,1,2,4,100
3917,0,3,9,2080
3918,1,2,18,1082
3919,1,4,0,2305
3920,1,3,17,2151
3921,1,2,14,3223
3922,1,1,4,1771
3923,1,3,2,2920
3924,1,5,12,2781
3925,1,2,12,2405
3926,1,2,2,3083
3927,0,2,16,2227
3928,1,2,0,1945
3929,1,2,5,2545
3930,1,6,3,1746
3931,1,2,5,2922
3932,1,2,7,1681
3933,0,3,6,1591
3934,1,2,0,1462
3935,1,3,18,2275
3936,0,3,12,25
3937,1,6,2,2894
3938,1,2,2,2980
3939,1,4,7,2855
3940,1,3,20,1159
3941,1,4,17,1344
3942,1,1,4,1715
3943,0,3,7,3348
3944,0,3,16,2556
3945,0,4,1,3249
3946,0,2,12,882
3947,1,2,0,2744
3948,0,4,12,2104
3949,1,4,0,1442
3950,1,2,4,2008
3951,0,1,4,1995
3952,0,4,1,539
3953,1,2,12,1863
3954,1,1,4,1151
3955,1,3,0,551
3956,1,2,0,3141
3957,1,3,11,1350
3958,1,4,7,1526
3959,0,4,1,203
3960,0,3,14,1831
3961,1,2,1,1487
3962,0,6,0,3360
3963,1,5,20,1060
3964,1,6,16,2214
3965,1,1,11,2190
3966,1,2,0,1073
3967,0,1,2,592
3968,1,2,2,178
3969,1,6,7,537
3970,0,2,2,178
3971,0,1,4,2546
3972,0,2,6,921
3973,1,2,7,2078
3974,1,3,0,1114
3975,0,2,5,1394
3976,0,2,0,1424
3977,1,3,14,875
3978,1,3,13,2468
3979,0,5,9,1983
3980,1,2,4,2217
3981,0,4,0,3321
3982,1,6,13,3236
3983,1,2,0,1108
3984,1,2,7,2342
3985,1,4,16,66
3986,1,2,7,1210
3987,0,1,4,48
3988,0,2,14,2090
3989,1,5,12,1060
3990,1,2,16,676
3991,1,2,7,1205
3992,1,2,4,1157
3993,1,2,0,861
3994,1,5,7,1380
3995,1,3,17,901
3996,1,1,14,1169
3997,1,3,17,1501
3998,1,4,0,2317
3999,1,3,17,1112
4000,1,3,7,389
4001,0,2,1,63
4002,1,4,16,825
4003,1,6,13,1529
4004,1,5,0,841
4005,1,3,7,521
4006,1,0,7,1584
4007,1,3,12,2702
4008,1,1,1,2984
4009,1,1,7,1415
4010,1,2,14,3097
4011,1,2,17,2645
4012,1,1,4,1700
4013,1,2,1,2447
4014,1,2,0,1642
4015,0,4,3,2362
4016,1,5,0,1237
4017,1,2,14,686
4018,0,4,20,2352
4019,1,3,17,1813
4020,1,2,6,2403
4021,1,5,20,3183
4022,1,3,14,1779
4023,0,3,9,1146
4024,1,2,5,1474
4025,0,6,6,2397
4026,1,2,7,2236
4027,0,2,7,540
4028,1,2,4,105
4029,0,6,3,844
4030,1,3,7,2720
4031,1,2,0,1371
4032,1,2,12,1960
4033,1,2,6,1404
4034,1,2,0,843
4035,1,1,4,1500
4036,1,2,1,1548
4037,1,5,16,2537
4038,1,5,6,494
4039,1,2,16,3312
4040,1,2,20,2324
4041,1,1,3,1580
4042,1,3,15,3030
4043,0,2,15,3030
4044,0,3,3,3228
4045,1,6,13,1354
4046,1,4,17,1785
4047,1,1,4,1108
4048,0,3,1,2730
4049,1,4,11,1189
4050,1,3,6,2010
4051,1,1,14,38
4052,1,2,2,1404
4053,1,2,18,1274
4054,1,3,3,2230
4055,1,5,0,3416
4056,1,0,10,1013
4057,1,3,6,693
4058,1,2,6,2299
4059,1,2,14,2549
4060,1,2,18,1907
4061,1,5,6,1162
4062,1,2,7,2067
4063,0,3,1,1028
4064,1,4,0,817
4065,0,4,5,1649
4066,1,2,0,705
4067,1,4,20,2866
4068,1,6,3,2728
4069,1,3,15,752
4070,1,2,15,3005
4071,1,2,17,1234
4072,1,5,6,3007
4073,1,2,6,2244
4074,1,3,6,2494
4075,1,2,16,1578
4076,1,2,17,1887
4077,0,3,2,862
4078,1,2,15,1010
4079,1,3,17,961
4080,1,3,1,1673
4081,1,1,12,751
4082,1,2,20,2514
4083,1,6,14,2963
4084,1,6,13,603
4085,0,2,6,2510
4086,0,0,10,1894
4087,1,0,4,2166
4088,1,2,3,2409
4089,1,2,7,2510
4090,1,6,6,2426
4091,1,2,17,1905
4092,0,2,0,712
4093,1,2,4,2263
4094,1,2,17,1677
4095,1,2,0,407
4096,1,2,15,1991
4097,1,2,7,2165
4098,1,3,7,1765
4099,1,3,17,3148
4100,1,6,6,2417
4101,1,1,4,922
4102,1,0,10,1663
4103,1,1,16,471
4104,1,1,16,1368
4105,1,5,7,1244
4106,1,2,16,3198
4107,0,2,0,919
4108,1,3,17,2435
4109,1,3,3,3282
4110,0,4,7,1365
4111,1,2,15,1152
4112,1,4,18,1569
4113,1,3,17,1979
4114,1,3,14,1622
4115,1,2,15,3429
4116,1,3,7,309
4117,1,1,4,1404
4118,1,2,3,2831
4119,1,5,1,1337
4120,1,2,16,2269
4121,1,4,7,389
4122,1,1,19,2587
4123,0,2,4,1559
4124,1,2,18,2126
4125,1,3,2,594
4126,1,2,17,1767
4127,1,5,17,666
4128,1,3,6,1998
4129,1,6,11,524
4130,1,3,6,1656
4131,1,4,7,3322
4132,1,2,17,2529
4133,1,4,4,2396
4134,0,4,12,2660
4135,1,0,10,1544
4136,1,5,16,2008
4137,1,2,7,2887
4138,1,2,7,2857
4139,1,6,14,1347
4140,1,2,0,1131
4141,1,3,17,3154
4142,1,6,7,11
4143,0,2,5,2048
4144,1,1,4,135
4145,0,5,1,2480
4146,1,3,17,1446
4147,0,5,7,176
4148,0,3,7,1833
4149,1,3,1,1164
4150,1,2,0,1049
4151,1,4,20,1383
4152,1,2,14,2312
4153,1,5,17,664
4154,1,2,1,1039
4155,1,5,17,2674
4156,1,6,20,3172
4157,1,5,18,3302
4158,0,0,10,2759
4159,0,5,9,23
4160,1,3,20,419
4161,1,4,0,2795
4162,0,2,14,919
4163,1,6,7,390
4164,1,3,1,1738
4165,0,2,14,3060
4166,0,2,7,2357
4167,1,2,20,864
4168,0,4,6,1299
4169,1,5,0,2204
4170,1,4,7,1795
4171,1,6,16,2513
4172,1,3,7,771
4173,0,1,11,1027
4174,0,3,3,784
4175,1,3,0,2207
4176,1,4,7,704
4177,1,3,17,2807
4178,0,5,16,354
4179,0,3,20,3146
4180,1,6,13,591
4181,0,2,7,1200
4182,1,2,18,2571
4183,1,2,1,2870
4184,1,5,7,1132
4185,1,2,14,2785
4186,1,2,7,1204
4187,0,6,20,2136
4188,1,5,7,2316
4189,1,3,14,2851
4190,1,4,17,2712
4191,0,4,15,1933
4192,1,3,17,2434
4193,1,6,13,3025
4194,1,1,4,2086
4195,0,6,13,3162
4196,1,3,14,604
4197,0,4,1,689
4198,1,1,4,2568
4199,0,2,9,1160
4200,1,4,7,441
4201,0,2,0,2197
4202,1,2,7,853
4203,1,2,18,1976
4204,1,3,7,301
4205,0,2,15,2699
4206,0,3,1,910
4207,1,3,1,2810
4208,0,3,0,2794
4209,1,6,0,1294
4210,1,2,17,2673
4211,1,4,5,2443
4212,1,6,18,1965
4213,1,3,7,2150
4214,0,2,0,788
4215,1,2,7,2393
4216,1,2,17,51
4217,1,1,4,689
4218,1,5,17,922
4219,1,3,17,3174
4220,1,3,0,3295
4221,1,3,4,1803
4222,0,4,17,1950
4223,0,3,17,2029
4224,0,4,1,1625
4225,0,2,3,1624
4226,0,3,6,2369
4227,1,2,19,489
4228,1,5,18,802
4229,1,3,17,3031
4230,1,6,13,1243
4231,0,5,18,802
4232,0,3,20,2359
4233,1,3,4,1309
4234,0,4,3,1610
4235,1,5,2,2751
4236,0,2,3,347
4237,1,2,14,2429
4238,1,3,16,1470
4239,1,5,7,1749
4240,1,3,17,1883
4241,1,3,7,507
4242,1,5,7,2483
4243,1,6,7,1135
4244,1,3,17,1613
4245,1,5,12,1445
4246,0,3,7,1583
4247,1,2,4,2589
4248,1,2,4,962
4249,0,1,17,2191
4250,0,5,0,1206
4251,1,4,7,2028
4252,0,3,3,1012
4253,1,4,11,195
4254,1,2,17,1334
4255,1,5,12,561
4256,0,0,2,2503
4257,1,5,16,1327
4258,1,2,17,762
4259,1,3,17,1503
4260,1,2,16,1984
4261,0,3,6,346
4262,0,3,6,286
4263,1,2,7,1346
4264,1,4,1,2021
4265,1,2,12,186
4266,1,6,13,2480
4267,1,3,7,118
4268,0,4,20,219
4269,1,3,18,983
4270,1,4,7,581
4271,1,3,7,2594
4272,1,4,17,1314
4273,1,4,13,1060
4274,0,4,1,234
4275,0,4,16,612
4276,0,4,0,3258
4277,1,3,16,3369
4278,0,4,7,394
4279,1,2,16,1390
4280,1,3,17,982
4281,1,6,13,2924
4282,1,3,0,658
4283,0,2,9,3407
4284,1,5,7,1356
4285,1,3,0,2131
4286,1,3,17,495
4287,1,2,7,1264
4288,0,2,9,1550
4289,1,3,14,1128
4290,1,2,17,3409
4291,1,3,14,3367
4292,1,2,0,3376
4293,0,4,9,1894
4294,1,0,10,2363
4295,1,1,18,2801
4296,1,6,6,1185
4297,1,4,15,1894
4298,0,1,14,2672
4299,0,2,2,1411
4300,0,1,4,3367
4301,1,3,11,1329
4302,1,5,1,1505
4303,1,2,2,2885
4304,1,1,0,1539
4305,0,4,17,991
4306,1,4,7,2225
4307,1,2,0,3067
4308,1,2,0,1226
4309,1,2,0,1275
4310,1,2,4,1967
4311,1,5,13,2237
4312,1,2,18,2498
4313,0,2,7,312
4314,1,2,17,2515
4315,1,1,4,1442
4316,1,2,6,2339
4317,0,3,14,2041
4318,1,2,5,177
4319,1,3,7,1428
4320,1,2,5,2715
4321,1,4,7,2563
4322,0,5,6,2362
4323,1,1,4,2588
4324,1,2,5,1993
4325,1,2,0,1072
4326,0,4,13,3142
4327,1,3,17,1292
4328,1,5,3,2364
4329,0,2,14,2463
4330,0,4,6,2677
4331,1,3,6,1474
4332,0,2,3,2072
4333,1,5,2,1190
4334,1,2,1,2255
4335,1,3,0,2306
4336,0,2,0,1349
4337,1,1,20,2379
4338,0,1,5,1533
4339,1,2,2,2495
4340,0,2,17,2369
4341,1,3,17,1214
4342,1,2,0,2216
4343,1,2,12,2325
4344,1,2,1,1437
4345,0,2,14,1448
4346,1,1,17,1516
4347,0,1,20,2422
4348,1,4,0,1082
4349,1,1,2,3232
4350,1,1,2,1029
4351,1,2,12,1310
4352,1,1,4,460
4353,1,2,7,473
4354,1,3,14,2472
4355,1,5,14,353
4356,1,3,16,2680
4357,0,3,9,2595
4358,1,3,17,240
4359,1,1,4,1198
4360,0,2,9,3326
4361,1,3,15,2595
4362,1,2,17,2633
4363,1,3,14,2864
4364,1,2,18,3326
4365,0,5,16,1546
4366,1,1,15,120
4367,1,3,0,1744
4368,1,1,17,868
4369,1,5,7,1088
4370,1,2,16,335
4371,0,1,4,2142
4372,1,3,17,2326
4373,1,5,12,1174
4374,1,1,4,1383
4375,0,2,5,1349
4376,0,2,5,966
4377,1,2,0,1147
4378,1,1,17,258
4379,1,2,4,968
4380,0,2,1,1285
4381,1,2,4,2200
4382,1,2,18,622
4383,0,1,4,3028
4384,1,2,0,1412
4385,1,2,4,3028
4386,1,2,5,2308
4387,0,1,4,2142
4388,1,4,3,2337
4389,1,2,4,1590
4390,1,2,0,468
4391,0,1,4,1400
4392,1,1,4,1400
4393,1,1,4,1400
4394,1,2,4,1400
4395,1,5,6,1400
4396,1,1,1,1435
4397,1,1,4,1400
4398,0,1,4,1407
4399,0,1,4,1401
4400,0,1,4,1400
4401,1,1,4,419
4402,0,1,14,1409
4403,1,2,15,2767
4404,1,2,1,1969
4405,1,2,14,3352
4406,1,2,16,2522
4407,1,1,4,108
4408,0,4,2,709
4409,1,2,14,2188
4410,1,1,19,1351
4411,1,1,4,2926
4412,1,1,4,665
4413,1,0,13,1284
4414,1,2,4,1352
4415,1,1,0,120
4416,1,1,4,100
4417,1,2,15,101
4418,0,5,0,104
4419,0,4,12,658
4420,1,2,15,2950
4421,1,4,0,2746
4422,1,2,5,434
4423,1,1,4,1747
4424,1,2,7,3056
4425,1,3,7,3404
4426,1,4,17,3010
4427,1,1,0,1739
4428,1,2,14,1566
4429,1,2,5,2672
4430,0,2,0,3082
4431,1,0,14,2556
4432,1,2,12,839
4433,1,2,0,1380
4434,0,3,7,2040
4435,1,2,7,2391
4436,1,2,12,713
4437,0,3,5,1569
4438,1,5,0,516
4439,1,3,6,1297
4440,1,3,1,2578
4441,1,1,4,3353
4442,1,5,15,3076
4443,1,6,2,2838
4444,0,2,12,2532
4445,1,2,3,768
4446,1,1,18,2046
4447,1,4,5,1178
4448,1,2,14,300
4449,1,2,12,976
4450,1,2,15,2075
4451,1,2,14,1075
4452,0,2,7,2479
4453,1,3,0,3212
4454,1,2,20,467
4455,1,3,7,975
4456,0,3,2,1713
4457,1,3,14,3204
4458,0,2,4,656
4459,1,2,1,999
4460,1,2,14,2245
4461,1,2,20,2580
4462,0,2,0,2031
4463,1,5,7,318
4464,0,5,1,2121
4465,1,1,4,111
4466,1,3,11,415
4467,0,5,6,653
4468,0,3,7,2360
4469,0,4,12,2900
4470,1,3,12,636
4471,1,2,6,3055
4472,0,4,16,608
4473,1,3,1,3066
4474,1,3,7,1026
4475,1,1,4,413
4476,1,4,1,1736
4477,1,2,7,3417
4478,1,0,12,103
4479,1,5,13,1179
4480,1,2,0,3082
4481,1,2,18,955
4482,0,3,1,3041
4483,0,2,6,2284
4484,0,2,17,3124
4485,1,2,4,2177
4486,1,3,8,3411
4487,1,2,7,60
4488,1,3,7,2284
4489,1,1,4,2473
4490,1,3,5,2253
4491,1,1,4,1750
4492,1,6,13,1502
4493,0,0,10,418
4494,1,4,0,1217
4495,1,1,4,906
4496,1,4,2,287
4497,1,5,0,1050
4498,1,5,7,2374
4499,1,2,6,2130
4500,1,5,7,2374
4501,1,2,17,3064
4502,1,5,0,21
4503,1,6,1,2669
4504,0,2,0,2199
4505,1,5,7,1340
4506,1,5,16,1041
4507,1,1,4,2112
4508,1,2,20,654
4509,1,2,7,1330
4510,1,4,7,2946
4511,1,3,7,2124
4512,1,2,1,662
4513,1,6,0,2109
4514,1,1,3,1661
4515,1,6,13,1040
4516,1,1,4,1764
4517,0,1,1,1588
4518,1,2,0,2571
4519,1,5,7,1329
4520,1,2,4,1519
4521,1,3,12,640
4522,1,4,1,2577
4523,1,1,2,1877
4524,1,2,2,1860
4525,1,2,14,414
4526,1,2,20,406
4527,1,1,0,1325
4528,1,2,14,984
4529,1,3,6,2616
4530,0,3,1,2912
4531,1,1,4,2671
4532,1,2,7,418
4533,1,2,12,1755
4534,1,1,4,2276
4535,1,1,19,678
4536,1,1,12,1797
4537,0,4,1,21
4538,1,2,12,396
4539,1,3,19,12
4540,0,2,14,3075
4541,1,0,10,1919
4542,1,3,0,3121
4543,1,2,2,465
4544,1,6,1,1791
4545,1,2,16,1570
4546,1,2,7,1711
4547,1,1,12,93
4548,1,1,2,977
4549,0,0,10,3421
4550,1,1,16,949
4551,1,1,12,2081
4552,1,2,0,887
4553,0,3,16,1631
4554,0,2,9,1635
4555,0,1,9,2292
4556,1,4,16,1829
4557,1,2,14,100
4558,1,3,14,1627
4559,1,2,7,251
4560,1,2,0,2242
4561,0,2,9,2605
4562,1,3,10,3072
4563,0,2,6,904
4564,1,3,12,723
4565,1,3,14,3047
4566,1,3,17,758
4567,1,1,4,3353
4568,0,2,4,2754
4569,1,2,0,855
4570,1,4,17,2035
4571,1,3,7,832
4572,0,0,10,672
4573,1,5,16,517
4574,1,2,4,2078
4575,0,0,10,199
4576,0,2,7,1631
4577,1,3,7,1635
4578,1,2,0,100
4579,0,1,4,2164
4580,0,6,13,3274
4581,1,2,1,720
4582,0,2,0,1903
4583,1,5,1,1653
4584,0,4,0,486
4585,1,3,7,1094
4586,1,2,4,38
4587,1,3,14,344
4588,0,2,4,1585
4589,1,2,17,104
4590,0,1,20,1851
4591,1,2,15,108
4592,1,1,4,2202
4593,0,4,1,1384
4594,1,3,16,1876
4595,1,2,18,3270
4596,0,1,4,3122
4597,0,2,4,882
4598,0,3,3,1631
4599,0,3,0,236
4600,1,2,0,1538
4601,1,3,14,1910
4602,1,3,7,414
4603,0,3,2,1223
4604,1,2,15,432
4605,1,2,15,2968
4606,0,0,10,2789
4607,1,2,0,970
4608,0,2,0,109
4609,0,2,4,1804
4610,0,2,4,1804
4611,0,1,4,2484
4612,0,1,4,3126
4613,1,2,12,1360
4614,0,4,1,435
4615,1,2,17,2107
4616,1,2,20,501
4617,0,2,6,1924
4618,1,2,14,3282
4619,0,2,1,3295
4620,0,1,17,3117
4621,1,2,4,3077
4622,1,2,12,1924
4623,1,2,16,882
4624,1,2,12,2609
4625,1,2,7,2977
4626,1,2,14,3293
4627,1,6,1,1486
4628,0,6,6,920
4629,0,1,4,3079
4630,0,2,4,3121
4631,1,1,4,3058
4632,1,2,0,3341
4633,1,0,0,1633
4634,1,5,20,3364
4635,1,1,4,3127
4636,1,1,2,404
4637,0,3,9,1633
4638,1,2,4,1912
4639,1,3,11,827
4640,1,2,4,1912
4641,1,2,7,780
4642,1,2,0,1470
4643,1,2,0,3360
4644,1,5,1,759
4645,0,5,6,1594
4646,0,2,6,2796
4647,1,3,20,2544
4648,1,1,4,2297
4649,1,6,13,418
4650,1,2,7,1063
4651,0,4,0,422
4652,0,2,7,3061
4653,1,3,12,3163
4654,1,3,20,3110
4655,0,2,1,2900
4656,1,2,17,3039
4657,1,4,14,1911
4658,1,2,4,3423
4659,0,2,14,1282
4660,0,1,4,261
4661,1,4,15,2652
4662,0,1,4,2620
4663,1,2,4,2900
4664,0,4,7,2393
4665,1,3,2,196
4666,1,3,1,1790
4667,1,2,14,3063
4668,1,3,14,2307
4669,1,3,7,702
4670,1,3,5,2844
4671,1,2,12,3040
4672,1,6,13,3078
4673,1,3,16,3129
4674,0,3,7,364
4675,0,1,4,977
4676,1,4,14,1523
4677,1,5,6,247
4678,1,3,2,2790
4679,1,6,13,2373
4680,1,3,0,241
4681,0,3,15,270
4682,1,2,7,251
4683,1,2,0,870
4684,0,2,0,241
4685,1,3,1,1937
4686,1,1,1,1722
4687,1,3,14,49
4688,1,2,9,1450
4689,1,1,12,120
4690,0,0,10,2511
4691,0,4,17,1914
4692,0,2,7,2482
4693,1,1,1,2083
4694,1,6,7,1353
4695,1,1,18,1953
4696,1,1,12,419
4697,1,1,10,2511
4698,0,2,6,1912
4699,0,1,0,2872
4700,0,1,4,1604
4701,1,4,17,688
4702,1,2,11,558
4703,1,2,7,80
4704,1,1,20,156
4705,0,1,0,2344
4706,1,2,14,2237
4707,1,0,0,2985
4708,1,2,0,2090
4709,1,4,0,293
4710,0,3,16,946
4711,1,2,17,1140
4712,1,3,17,207
4713,1,2,17,2778
4714,1,5,1,1899
4715,1,2,2,3284
4716,0,2,16,143
4717,1,4,17,1637
4718,1,3,7,214
4719,0,3,9,167
4720,1,2,2,2755
4721,1,3,11,3194
4722,1,3,12,1868
4723,1,3,7,2742
4724,0,6,6,62
4725,1,3,5,3244
4726,0,3,16,3229
4727,0,6,0,3415
4728,1,2,19,1121
4729,1,5,16,1890
4730,1,5,11,227
4731,1,2,17,3337
4732,1,2,14,946
4733,1,1,18,1748
4734,1,5,1,3004
4735,1,4,3,1730
4736,1,1,20,2862
4737,1,3,16,701
4738,1,6,1,939
4739,1,2,3,1150
4740,0,2,3,1328
4741,1,3,7,641
4742,1,2,3,3064
4743,1,6,13,2148
4744,1,5,15,549
4745,0,1,4,271
4746,1,5,1,717
4747,1,1,4,957
4748,1,4,16,2042
4749,1,4,0,931
4750,0,2,0,2828
4751,1,5,15,146
4752,0,1,4,3066
4753,1,6,1,208
4754,0,1,0,2828
4755,0,6,7,3002
4756,1,6,16,1946
4757,1,3,17,926
4758,0,6,13,194
4759,0,5,0,235
4760,1,3,17,266
4761,1,1,15,837
4762,0,2,14,3057
4763,1,6,11,235
4764,1,0,10,199
4765,0,3,16,195
4766,1,3,16,408
4767,0,3,9,204
4768,1,2,4,862
4769,1,2,1,154
4770,0,3,7,406
4771,0,2,4,226
4772,1,6,17,205
4773,1,4,1,891
4774,1,4,14,322
4775,1,2,17,931
4776,0,2,3,1534
4777,1,2,2,1528
4778,1,2,0,1534
4779,1,4,3,216
4780,1,2,12,3060
4781,0,5,6,223
4782,1,4,1,2458
4783,1,2,0,2080
4784,0,3,6,1601
4785,0,2,14,1851
4786,1,4,6,896
4787,1,0,11,3121
4788,1,3,7,2667
4789,1,3,2,1851
4790,0,2,2,3072
4791,1,1,4,1862
4792,0,5,7,3068
4793,0,2,6,1603
4794,0,3,0,1528
4795,1,4,16,457
4796,1,3,7,3352
4797,0,3,17,2611
4798,1,2,1,742
4799,0,1,4,166
4800,1,1,4,2562
4801,1,2,4,1102
4802,1,6,1,1356
4803,0,2,16,1517
4804,0,3,1,1424
4805,1,3,1,1517
4806,1,2,17,2752
4807,1,0,2,226
4808,1,3,0,3244
4809,0,5,4,829
4810,1,1,12,2564
4811,1,3,1,55
4812,1,1,14,951
4813,0,3,9,1525
4814,1,1,14,2564
4815,0,5,18,244
4816,0,4,6,232
4817,1,2,1,831
4818,0,2,17,2820
4819,1,3,18,676
4820,1,5,11,231
4821,1,1,19,2339
4822,0,3,0,32
4823,1,1,4,1531
4824,1,2,7,1906
4825,1,2,17,3116
4826,1,4,12,1927
4827,1,3,0,562
4828,0,1,20,2039
4829,1,2,0,777
4830,1,0,10,1882
4831,0,2,1,231
4832,1,2,14,684
4833,1,3,16,2583
4834,0,4,9,212
4835,1,2,20,610
4836,0,4,16,221
4837,1,2,5,1540
4838,1,4,1,1636
4839,0,5,6,3154
4840,0,4,6,2157
4841,1,2,12,3060
4842,0,3,1,912
4843,1,6,1,218
4844,1,4,7,209
4845,0,2,1,1908
4846,0,2,2,2767
4847,1,2,12,3070
4848,0,3,6,1827
4849,0,1,4,1464
4850,0,4,3,1465
4851,1,1,17,1456
4852,1,3,0,1366
4853,1,2,7,1889
4854,0,5,13,211
4855,1,2,12,2754
4856,1,2,7,3057
4857,1,2,14,925
4858,1,2,1,223
4859,0,1,14,1735
4860,1,2,2,2087
4861,1,2,4,237
4862,1,2,0,3048
4863,0,2,9,2605
4864,1,1,20,2156
4865,0,3,14,98
4866,1,6,12,222
4867,1,2,16,226
4868,1,3,17,206
4869,0,4,6,243
4870,0,3,3,230
4871,1,1,12,225
4872,1,4,1,215
4873,1,6,11,596
4874,0,2,4,2264
4875,1,3,0,3314
4876,0,3,17,3379
4877,1,2,4,3127
4878,1,5,4,3046
4879,1,2,3,2083
4880,0,4,9,3157
4881,1,4,16,1901
4882,1,4,11,195
4883,0,0,10,179
4884,1,3,14,2783
4885,1,6,1,935
4886,0,3,17,2949
4887,1,1,2,714
4888,0,6,0,358
4889,1,1,4,2141
4890,0,2,1,2516
4891,1,3,17,3071
4892,1,2,12,1899
4893,1,2,17,1593
4894,1,3,7,615
4895,0,2,3,1741
4896,1,3,6,2617
4897,1,3,16,667
4898,1,2,1,995
4899,1,2,12,3081
4900,1,2,20,1224
4901,1,2,7,477
4902,1,3,14,2607
4903,1,3,12,3237
4904,1,5,15,2147
4905,0,4,1,2043
4906,1,5,17,1703
4907,0,5,7,1844
4908,1,3,15,2659
4909,0,3,12,3032
4910,1,1,12,2606
4911,0,2,0,1915
4912,0,5,20,3360
4913,0,2,1,3265
4914,0,2,1,137
4915,1,2,12,2857
4916,1,1,20,2641
4917,1,4,0,969
4918,0,1,12,2618
4919,1,1,0,2608
4920,1,3,1,109
4921,0,2,15,2948
4922,1,1,17,3365
4923,1,4,18,3437
4924,0,3,0,3436
4925,0,3,6,1895
4926,1,0,10,1941
4927,1,4,0,3320
4928,0,2,3,2912
4929,1,4,1,2140
4930,1,5,17,2137
4931,1,5,17,2752
4932,1,2,7,2162
4933,1,2,15,3038
4934,0,2,0,1855
4935,1,3,17,2134
4936,0,1,4,2160
4937,1,3,0,88
4938,0,1,4,1901
4939,1,2,7,2140
4940,0,5,11,3050
4941,1,6,20,1444
4942,1,4,12,1355
4943,0,5,0,1895
4944,1,5,17,614
4945,1,5,0,2124
4946,0,3,1,2827
4947,1,3,17,2755
4948,1,4,2,3125
4949,1,1,4,1851
4950,1,2,16,1915
4951,0,3,17,2789
4952,0,2,14,1588
4953,1,3,12,1844
4954,1,4,0,2974
4955,1,6,13,1944
4956,1,3,15,2394
4957,1,2,2,1624
4958,1,1,7,1897
4959,1,2,17,928
4960,1,6,1,1862
4961,1,2,7,1532
4962,1,2,6,1929
4963,1,4,17,3142
4964,1,3,0,3057
4965,1,0,10,2149
4966,1,5,14,1902
4967,1,1,4,3132
4968,0,5,20,3193
4969,1,1,19,3058
4970,0,2,12,3095
4971,1,3,7,3048
4972,1,3,0,3168
4973,0,6,2,3149
4974,1,3,20,3070
4975,1,3,0,2766
4976,1,2,11,2199
4977,1,2,4,2948
4978,1,3,14,2229
4979,1,3,2,1917
4980,1,2,1,1897
4981,1,5,1,1901
4982,1,2,12,2139
4983,0,4,16,1862
4984,1,3,0,1899
4985,1,3,0,1027
4986,1,1,12,1895
4987,0,6,8,2771
4988,1,2,17,1852
4989,1,2,0,1867
4990,0,2,4,1902
4991,0,6,14,2882
4992,0,2,2,1853
4993,1,4,17,1806
4994,1,4,17,1952
4995,1,5,20,1914
4996,1,3,7,3103
4997,1,0,10,2771
4998,0,1,4,1655
4999,0,6,13,2945
5000,1,2,4,1540
5001,0,2,2,2146
5002,1,2,17,2799
5003,1,3,12,1705
5004,0,6,1,2793
5005,1,4,16,2987
5006,1,3,3,1667
5007,0,1,4,2822
5008,1,2,20,2079
5009,0,4,16,2196
5010,1,4,15,2146
5011,1,1,4,2184
5012,1,5,15,1597
5013,1,1,4,958
5014,1,4,0,2960
5015,1,3,6,2971
5016,0,3,1,2732
5017,1,3,12,2825
5018,0,6,12,2788
5019,1,2,7,418
5020,0,6,13,2777
5021,1,5,6,2798
5022,1,3,7,2818
5023,1,3,20,2862
5024,0,4,1,620
5025,1,2,20,2079
5026,1,2,17,2951
5027,0,2,14,250
5028,1,2,12,2944
5029,1,2,4,2249
5030,1,1,1,2246
5031,0,2,4,2730
5032,1,1,17,104
5033,0,6,13,2056
5034,0,2,15,2133
5035,0,2,17,770
5036,1,3,7,631
5037,1,3,12,487
5038,1,2,20,404
5039,0,3,4,3272
5040,1,4,12,1451
5041,0,4,6,1999
5042,0,1,2,1903
5043,0,1,6,2931
5044,0,3,6,933
5045,1,3,0,1380
5046,1,2,16,2078
5047,1,4,6,927
5048,0,3,7,1103
5049,1,2,12,2077
5050,0,1,4,461
5051,0,5,7,508
5052,1,3,16,151
5053,1,2,4,2622
5054,1,3,2,815
5055,0,3,16,3303
5056,1,4,1,663
5057,1,5,7,2613
5058,1,6,17,2625
5059,1,4,16,897
5060,1,4,17,2621
5061,0,1,19,248
5062,1,5,16,2195
5063,0,0,10,899
5064,1,1,4,1390
5065,1,2,14,1023
5066,0,2,1,938
5067,1,6,13,3320
5068,1,3,7,702
5069,0,6,0,3164
5070,1,2,2,1887
5071,0,2,7,2343
5072,1,4,17,3303
5073,1,6,2,3029
5074,1,0,0,790
5075,1,5,6,3318
5076,1,2,3,736
5077,1,2,2,782
5078,1,4,7,713
5079,1,2,4,2244
5080,0,5,12,3202
5081,0,1,4,719
5082,1,3,1,915
5083,1,2,4,666
5084,1,1,4,407
5085,1,6,17,2353
5086,1,2,1,931
5087,0,2,6,719
5088,1,2,17,1325
5089,0,3,16,2401
5090,0,3,19,2335
5091,1,2,17,770
5092,1,6,14,698
5093,1,5,7,710
5094,1,1,10,2220
5095,0,3,1,934
5096,1,2,11,2350
5097,1,6,16,732
5098,1,5,7,748
5099,1,1,0,165
5100,1,5,6,740
5101,1,2,0,2769
5102,1,2,12,2776
5103,0,3,16,2459
5104,1,3,20,724
5105,1,5,7,699
5106,0,3,1,745
5107,0,4,0,359
5108,0,2,9,3028
5109,0,4,6,766
5110,1,3,15,2466
5111,1,3,2,2450
5112,1,3,13,2720
5113,1,2,0,1903
5114,0,0,10,908
5115,1,6,12,108
5116,1,3,6,3206
5117,0,2,0,2251
5118,1,0,10,3172
5119,0,2,0,405
5120,1,5,7,2553
5121,1,2,7,2867
5122,1,2,0,778
5123,1,5,12,1255
5124,1,3,2,815
5125,1,4,0,409
5126,1,2,11,137
5127,1,4,5,3399
5128,1,5,7,3133
5129,1,4,17,1355
5130,0,5,1,1194
5131,0,2,1,2445
5132,1,3,7,2437
5133,1,1,11,420
5134,1,2,17,3154
5135,1,3,7,2171
5136,1,2,12,2827
5137,1,1,18,2193
5138,1,2,17,1260
5139,1,5,16,554
5140,1,2,6,1260
5141,1,1,17,1917
5142,1,2,1,2911
5143,1,1,4,1460
5144,0,5,0,2217
5145,1,3,7,2438
5146,1,6,1,232
5147,1,1,0,1639
5148,1,2,20,3350
5149,1,3,1,406
5150,1,2,3,3338
5151,1,1,19,1110
5152,0,2,4,1456
5153,1,2,7,2004
5154,1,2,16,776
5155,1,2,16,1202
5156,1,1,14,417
5157,1,3,1,2307
5158,0,1,4,1461
5159,1,3,7,1278
5160,0,1,4,2767
5161,1,2,4,1065
5162,1,2,17,3040
5163,1,4,6,1773
5164,0,3,17,2828
5165,1,3,6,2824
5166,1,5,6,1370
5167,1,1,15,268
5168,1,3,7,47
5169,0,5,4,1786
5170,1,1,4,2159
5171,1,6,17,2890
5172,0,3,11,254
5173,1,0,10,2045
5174,1,4,1,1481
5175,0,3,9,1216
5176,1,0,10,2045
5177,1,4,14,1057
5178,1,5,0,1509
5179,1,2,12,3057
5180,1,3,11,2640
5181,1,2,7,701
5182,0,3,7,1930
5183,0,1,20,1479
5184,1,1,20,2222
5185,0,3,4,1459
5186,1,3,12,3241
5187,1,1,16,284
5188,0,3,9,1456
5189,0,4,7,2555
5190,0,3,0,2635
5191,0,2,4,1938
5192,1,2,7,2554
5193,1,3,12,621
5194,1,2,7,1904
5195,1,3,7,2555
5196,1,6,7,813
5197,0,6,3,2322
5198,0,1,4,1864
5199,0,2,1,1263
5200,0,3,15,1379
5201,1,5,7,3189
5202,1,1,4,173
5203,0,4,6,32
5204,1,5,13,1962
5205,1,2,1,180
5206,1,3,7,2833
5207,1,2,0,3351
5208,1,2,4,1938
5209,1,5,1,1525
5210,0,3,17,2080
5211,1,2,1,1348
5212,1,1,2,2747
5213,1,1,0,1119
5214,0,3,9,321
5215,0,6,6,2887
5216,1,1,2,2581
5217,1,2,17,13
5218,1,1,0,2721
5219,1,1,4,3130
5220,1,2,7,2859
5221,0,6,1,3246
5222,1,2,12,3085
5223,1,6,10,484
5224,1,3,1,409
5225,1,1,4,1866
5226,1,3,0,3366
5227,1,1,10,2170
5228,1,0,0,2336
5229,1,2,0,2033
5230,1,2,12,2825
5231,1,3,7,2947
5232,1,2,4,615
5233,1,2,5,3290
5234,0,2,0,2092
5235,1,2,4,615
5236,1,2,14,1541
5237,1,2,7,1930
5238,0,5,16,324
5239,1,3,7,310
5240,0,2,0,3052
5241,0,2,4,103
5242,1,2,1,616
5243,1,0,10,1807
5244,1,1,4,15
5245,0,4,1,990
5246,0,1,0,2168
5247,0,0,10,71
5248,0,4,14,881
5249,0,4,14,2324
5250,1,5,6,32
5251,0,2,17,3303
5252,1,2,20,2081
5253,0,6,13,170
5254,1,1,4,1153
5255,1,0,10,1878
5256,1,2,16,1085
5257,0,2,2,412
5258,1,3,4,1977
5259,1,2,6,3083
5260,1,3,7,2484
5261,1,3,12,418
5262,0,2,14,1532
5263,1,3,7,1356
5264,1,1,4,647
5265,1,4,1,3315
5266,1,3,1,1374
5267,1,3,7,796
5268,0,2,2,2237
5269,1,1,0,1290
5270,1,2,12,2698
5271,0,2,0,3057
5272,1,2,7,2771
5273,1,6,20,2822
5274,1,2,0,2075
5275,1,2,17,2075
5276,0,2,4,2871
5277,1,2,20,2871
5278,0,2,7,1868
5279,0,2,14,1913
5280,1,1,4,547
5281,1,2,2,2771
5282,0,1,4,2161
5283,1,1,2,2158
5284,1,2,16,1918
5285,1,1,4,1905
5286,1,4,16,3272
5287,1,2,8,2643
5288,1,6,13,3060
5289,1,4,2,3050
5290,0,1,4,2077
5291,1,4,1,1456
5292,1,2,0,3312
5293,1,2,12,3157
5294,1,2,2,2083
5295,1,3,7,1870
5296,0,0,0,967
5297,1,2,12,713
5298,1,3,17,1872
5299,1,2,2,1384
5300,1,2,20,3058
5301,1,2,17,3
5302,0,0,10,124
5303,0,6,6,1513
5304,0,3,9,1905
5305,0,1,4,3207
5306,0,2,17,2925
5307,1,2,5,2658
5308,1,6,7,972
5309,1,2,0,148
5310,0,6,1,2071
5311,1,5,0,2118
5312,1,2,1,434
5313,1,6,0,1901
5314,0,2,0,3054
5315,1,2,12,904
5316,1,1,4,1851
5317,0,2,0,103
5318,1,1,17,3366
5319,1,1,17,3144
5320,0,1,5,1383
5321,1,2,4,139
5322,1,3,17,3303
5323,1,2,20,3067
5324,1,2,7,113
5325,0,5,7,2682
5326,1,2,2,1903
5327,1,2,7,1903
5328,0,2,4,2871
5329,0,2,5,2876
5330,0,2,0,734
5331,1,3,14,300
5332,1,1,4,1096
5333,0,2,7,124
5334,0,6,13,1527
5335,1,2,14,2343
5336,1,6,7,2331
5337,0,3,3,161
5338,1,2,17,987
5339,1,1,17,2038
5340,0,5,3,3159
5341,0,2,3,2634
5342,0,3,7,865
5343,0,2,9,2040
5344,0,5,1,3375
5345,0,2,17,2518
5346,0,2,3,3303
5347,1,2,6,1791
5348,1,1,5,1909
5349,0,5,2,3316
5350,1,1,5,1887
5351,0,4,1,2655
5352,0,3,5,1879
5353,1,2,6,2402
5354,0,4,3,2500
5355,1,6,0,2463
5356,1,4,0,2482
5357,0,1,20,2025
5358,1,3,7,447
5359,1,1,16,992
5360,1,1,12,1413
5361,0,5,16,2897
5362,1,3,13,2154
5363,1,6,13,1111
5364,0,2,3,1903
5365,1,1,12,2780
5366,1,1,12,2761
5367,1,1,4,1887
5368,0,2,17,786
5369,1,2,15,104
5370,1,2,12,3348
5371,1,2,11,1903
5372,1,2,4,442
5373,1,1,12,1859
5374,1,3,7,1321
5375,1,2,0,99
5376,1,2,17,3099
5377,0,1,3,410
5378,1,3,18,434
5379,1,2,7,2614
5380,1,1,4,17
5381,1,2,14,403
5382,1,1,4,323
5383,1,3,1,1922
5384,0,2,3,3063
5385,1,2,12,2649
5386,1,2,14,2003
5387,0,2,1,1476
5388,0,1,4,445
5389,1,4,7,70
5390,1,0,0,2453
5391,1,2,7,409
5392,1,5,1,3359
5393,1,3,7,436
5394,1,1,0,2080
5395,1,5,1,585
5396,1,2,6,2717
5397,1,1,0,2050
5398,1,6,17,2270
5399,1,2,1,542
5400,0,1,4,1058
5401,0,1,1,772
5402,0,2,0,1076
5403,1,0,10,1989
5404,1,2,0,1068
5405,0,5,7,554
5406,0,3,0,1701
5407,0,3,17,1073
5408,1,2,20,479
5409,1,4,1,2019
5410,0,4,2,849
5411,0,0,19,631
5412,1,2,12,3303
5413,1,3,1,1989
5414,1,0,10,331
5415,0,2,7,212
5416,0,2,5,59
5417,1,1,17,708
5418,0,2,0,1788
5419,0,1,12,247
5420,0,0,19,631
5421,1,3,17,862
5422,1,5,7,3060
5423,0,5,5,2096
5424,0,3,2,2521
5425,1,1,4,1771
5426,1,2,14,3224
5427,1,3,19,468
5428,0,2,6,1017
5429,0,2,1,140
5430,0,4,1,961
5431,1,6,1,706
5432,1,6,13,48
5433,0,3,17,1475
5434,0,2,7,2080
5435,1,4,18,153
5436,1,1,4,2746
5437,1,2,11,1918
5438,1,2,14,2006
5439,1,6,13,728
5440,0,4,2,1314
5441,1,5,7,3217
5442,1,2,7,2143
5443,1,2,12,71
5444,0,1,4,1936
5445,1,2,0,1392
5446,0,5,1,2191
5447,1,4,2,2083
5448,1,4,19,2083
5449,1,1,12,45
5450,1,1,12,108
5451,0,2,1,3360
5452,1,3,6,405
5453,1,1,4,1087
5454,1,3,7,398
5455,0,1,17,1936
5456,1,3,1,1145
5457,1,1,12,1899
5458,0,1,2,3351
5459,0,0,10,3421
5460,1,1,4,108
5461,1,5,0,3036
5462,1,2,17,2711
5463,1,3,0,1769
5464,1,3,7,2414
5465,0,2,0,412
5466,1,2,12,3337
5467,1,3,0,2165
5468,1,2,12,3125
5469,1,3,12,794
5470,1,6,7,773
5471,1,1,7,409
5472,1,3,1,997
5473,1,2,1,787
5474,1,2,12,778
5475,1,2,4,3057
5476,0,3,0,782
5477,1,3,1,1886
5478,1,3,7,163
5479,1,3,1,1719
5480,0,2,14,307
5481,1,4,12,1936
5482,1,1,7,408
5483,0,2,6,640
5484,1,4,17,859
5485,1,2,4,371
5486,1,2,0,682
5487,1,2,17,3179
5488,1,2,15,2829
5489,1,1,7,3052
5490,1,4,17,2573
5491,1,1,7,409
5492,1,1,4,1851
5493,1,3,12,3251
5494,0,3,17,3078
5495,0,1,4,3166
5496,1,2,7,2769
5497,1,2,4,2040
5498,0,5,1,2133
5499,0,2,19,2040
5500,0,3,20,631
5501,1,2,2,1211
5502,1,2,2,2202
5503,0,2,9,1904
5504,1,4,7,2663
5505,0,2,4,106
5506,0,1,14,2074
5507,1,4,7,1454
5508,1,2,20,3090
5509,1,2,0,473
5510,1,1,4,718
5511,1,4,1,2945
5512,0,2,17,44
5513,1,3,1,2875
5514,0,0,10,2387
5515,1,1,4,660
5516,0,5,16,3385
5517,1,6,0,2540
5518,1,5,17,2479
5519,1,3,15,1197
5520,1,4,1,697
5521,0,2,6,95
5522,1,2,14,140
5523,1,3,0,2036
5524,0,0,10,961
5525,0,0,10,1880
5526,0,3,2,977
5527,1,2,1,2262
5528,1,5,1,1520
5529,1,1,6,249
5530,0,1,4,2159
5531,1,5,17,393
5532,1,2,17,971
5533,0,5,2,418
5534,1,4,16,1076
5535,1,2,15,3099
5536,1,2,16,2219
5537,0,6,1,441
5538,1,4,12,1848
5539,0,2,20,2854
5540,1,3,1,737
5541,1,6,7,3026
5542,1,4,7,496
5543,1,2,17,3312
5544,1,2,15,389
5545,0,3,16,3347
5546,1,1,14,959
5547,0,1,4,418
5548,0,1,4,103
5549,0,5,9,2372
5550,1,3,15,1622
5551,0,3,20,3352
5552,1,5,7,922
5553,1,3,3,1038
5554,1,2,1,2921
5555,1,0,10,1303
5556,1,4,6,2912
5557,1,3,14,1225
5558,1,0,10,134
5559,1,5,1,2444
5560,0,3,17,3339
5561,0,2,3,2310
5562,0,3,1,1814
5563,0,2,7,506
5564,1,4,20,134
5565,1,1,17,92
5566,1,3,7,828
5567,1,5,3,2483
5568,1,1,4,1714
5569,0,1,1,334
5570,1,2,1,334
5571,0,2,9,317
5572,0,2,4,2146
5573,0,3,1,621
5574,1,2,0,823
5575,1,3,7,769
5576,1,2,4,1891
5577,1,5,1,555
5578,0,1,1,89
5579,0,3,7,308
5580,1,4,7,34
5581,1,2,0,409
5582,1,4,1,1718
5583,1,6,15,1303
5584,0,5,0,409
5585,1,2,4,409
5586,1,3,20,3054
5587,1,2,17,866
5588,0,2,20,2087
5589,0,2,0,226
5590,0,4,12,3063
5591,1,1,0,403
5592,1,2,1,1792
5593,1,5,16,2771
5594,0,4,0,1914
5595,1,2,20,2749
5596,1,3,12,877
5597,0,1,4,3153
5598,1,1,4,986
5599,1,3,7,2745
5600,0,4,0,553
5601,1,3,1,3381
5602,1,3,0,3289
5603,1,5,7,141
5604,1,3,15,2145
5605,0,1,2,3153
5606,0,2,14,840
5607,1,1,4,469
5608,1,1,3,2486
5609,0,5,1,1106
5610,0,2,1,1822
5611,0,3,7,217
5612,0,2,1,111
5613,0,3,0,3405
5614,1,2,0,552
5615,1,3,7,306
5616,1,4,1,384
5617,1,2,14,1648
5618,0,1,4,2954
5619,0,1,4,890
5620,1,3,14,1883
5621,1,2,7,101
5622,1,3,15,56
5623,1,2,11,2620
5624,1,2,7,748
5625,1,2,1,52
5626,1,6,16,1127
5627,1,2,0,309
5628,1,1,4,2746
5629,1,2,14,143
5630,1,3,17,298
5631,1,3,12,74
5632,0,1,4,2475
5633,1,5,1,3386
5634,1,2,14,1901
5635,0,3,9,298
5636,1,2,7,3351
5637,1,0,10,464
5638,1,1,1,1151
5639,0,1,4,2117
5640,1,3,17,2501
5641,0,2,17,1659
5642,1,0,10,2293
5643,0,3,1,2619
5644,0,1,4,2990
5645,1,2,2,2694
5646,1,1,4,3247
5647,1,1,1,2127
5648,1,2,17,1659
5649,0,1,4,2747
5650,0,3,12,2825
5651,0,2,6,2311
5652,1,1,0,1578
5653,1,5,1,2311
5654,1,2,4,3209
5655,0,2,6,2407
5656,1,2,15,200
5657,1,5,14,2897
5658,1,6,0,1127
5659,1,2,0,821
5660,1,2,2,2486
5661,0,2,15,193
5662,1,0,10,347
5663,0,3,20,2343
5664,1,1,4,1652
5665,1,1,4,433
5666,1,1,16,469
5667,1,3,7,403
5668,0,2,3,1359
5669,1,6,1,2746
5670,1,1,4,1604
5671,1,2,1,110
5672,0,2,4,1387
5673,0,3,1,1912
5674,1,3,7,3078
5675,1,3,14,1060
5676,1,2,20,2494
5677,1,2,1,580
5678,1,3,17,3352
5679,1,3,2,1180
5680,1,5,20,3063
5681,0,2,7,2926
5682,1,1,0,929
5683,0,1,9,3099
5684,1,1,16,3057
5685,1,2,17,3063
5686,1,6,16,2074
5687,0,0,0,1897
5688,0,1,4,2479
5689,1,2,0,2624
5690,1,1,4,2479
5691,1,3,14,2201
5692,0,2,7,1043
5693,0,2,4,2754
5694,0,2,12,2806
5695,0,3,3,851
5696,0,2,14,3308
5697,1,2,0,3228
5698,1,3,14,1913
5699,1,3,15,3130
5700,0,1,14,1918
5701,1,2,7,1880
5702,1,1,0,2754
5703,1,6,1,599
5704,0,1,4,2746
5705,0,1,4,2746
5706,1,1,17,372
5707,1,2,12,13
5708,1,3,1,2754
5709,1,1,4,2746
5710,1,2,15,2754
5711,1,2,7,1577
5712,1,3,1,2746
5713,0,5,7,2850
5714,1,3,2,3248
5715,1,1,4,2746
5716,1,0,10,201
5717,1,2,0,202
5718,0,3,14,1321
5719,1,6,7,860
5720,1,2,0,2074
5721,1,4,11,2762
5722,1,2,20,1597
5723,1,1,12,1838
5724,1,2,15,3050
5725,1,1,2,411
5726,1,2,1,2449
5727,1,2,4,2991
5728,0,3,20,397
5729,1,1,10,3421
5730,1,1,0,3058
5731,0,2,11,415
5732,0,2,11,90
5733,1,2,4,1604
5734,0,2,14,415
5735,1,2,6,743
5736,1,2,1,392
5737,1,4,15,3018
5738,1,2,12,1901
5739,1,2,7,2773
5740,1,2,1,2077
5741,1,5,13,2081
5742,0,2,12,816
5743,0,3,0,1931
5744,0,2,4,2202
5745,0,1,4,2746
5746,1,1,15,3042
5747,1,2,0,200
5748,1,2,0,2933
5749,1,2,2,3063
5750,1,1,1,226
5751,0,0,0,602
5752,0,6,0,631
5753,1,1,17,2499
5754,0,1,1,2087
5755,0,3,2,2493
5756,0,0,10,3358
5757,1,0,10,255
5758,0,5,1,1046
5759,0,2,1,392
5760,1,1,12,442
5761,1,2,20,2763
5762,0,3,6,1871
5763,0,2,1,392
5764,0,5,12,2418
5765,1,2,11,1464
5766,1,6,14,3247
5767,1,2,2,2359
5768,0,0,7,818
5769,1,4,14,254
5770,1,2,0,2548
5771,1,2,7,3209
5772,1,3,7,661
5773,1,2,6,2719
5774,1,1,4,3064
5775,1,2,11,417
5776,1,1,12,3284
5777,1,0,0,255
5778,1,3,12,2653
5779,1,2,5,405
5780,1,1,17,2998
5781,1,2,2,466
5782,0,3,0,1939
5783,0,4,1,2915
5784,1,1,10,1957
5785,0,2,7,2073
5786,1,2,6,1771
5787,1,2,20,2813
5788,1,2,0,2964
5789,1,2,17,2828
5790,0,3,0,1876
5791,1,1,4,1418
5792,1,2,17,1383
5793,1,2,2,2864
5794,1,3,17,1789
5795,1,2,1,2976
5796,0,2,7,400
5797,1,2,7,2498
5798,1,3,0,2527
5799,1,2,5,2575
5800,1,3,18,2815
5801,1,2,16,228
5802,0,2,0,3353
5803,1,0,10,35
5804,0,3,7,3078
5805,0,2,0,2813
5806,0,5,1,383
5807,1,3,7,73
5808,0,2,7,1288
5809,1,2,7,1288
5810,1,5,16,3165
5811,1,1,4,2041
5812,0,2,7,2924
5813,1,2,7,3063
5814,1,2,0,2854
5815,1,2,20,2763
5816,1,2,0,2252
5817,1,2,17,1184
5818,1,2,4,2988
5819,1,5,6,2264
5820,1,4,0,1410
5821,1,2,15,104
5822,0,3,4,2458
5823,1,2,12,109
5824,1,1,12,691
5825,0,2,4,1383
5826,1,1,4,2040
5827,1,2,2,1864
5828,1,2,17,2763
5829,0,2,4,2460
5830,0,1,4,2457
5831,1,2,1,2924
5832,0,2,0,2465
5833,0,3,0,2469
5834,1,6,16,2915
5835,0,3,0,1901
5836,1,2,0,2865
5837,1,2,7,2073
5838,0,4,7,81
5839,1,2,1,965
5840,0,0,0,1441
5841,0,3,7,417
5842,1,2,4,1383
5843,1,3,1,2592
5844,0,0,10,99
5845,0,2,3,2509
5846,1,4,16,2456
5847,0,1,4,142
5848,1,5,20,778
5849,1,3,17,3278
5850,0,2,7,2461
5851,0,1,20,1905
5852,0,2,1,3041
5853,1,5,19,597
5854,1,4,7,1191
5855,1,5,7,756
5856,0,2,7,2463
5857,0,4,2,1394
5858,1,2,4,7
5859,1,2,7,2716
5860,0,2,4,2858
5861,0,5,1,3397
5862,0,2,9,2378
5863,0,2,14,2737
5864,0,5,1,1001
5865,1,2,17,3235
5866,0,2,6,268
5867,0,4,3,2835
5868,1,3,14,2667
5869,0,2,7,720
5870,1,2,14,3357
5871,0,2,4,7
5872,1,2,17,2100
5873,1,1,12,414
5874,1,2,4,7
5875,1,2,4,720
5876,1,5,7,1067
5877,1,1,12,103
5878,0,2,0,2087
5879,1,3,7,101
5880,1,2,1,392
5881,1,3,17,1086
5882,1,3,7,2057
5883,0,1,0,103
5884,1,1,4,783
5885,1,2,1,3263
5886,1,2,20,104
5887,0,3,20,2113
5888,1,2,20,2178
5889,1,5,20,257
5890,1,3,20,2395
5891,1,1,4,1898
5892,1,4,2,455
5893,1,2,7,104
5894,1,3,0,2260
5895,1,2,1,1377
5896,1,2,0,2092
5897,1,2,20,115
5898,0,1,0,108
5899,1,3,17,1059
5900,1,2,7,2084
5901,0,3,7,2907
5902,1,5,16,2414
5903,1,2,11,297
5904,0,4,12,3192
5905,0,3,20,2450
5906,0,1,4,767
5907,1,2,2,474
5908,1,2,4,762
5909,1,1,20,2842
5910,0,4,20,421
5911,0,2,17,2552
5912,1,2,1,2412
5913,0,1,0,1578
5914,1,3,2,2845
5915,1,1,4,1975
5916,1,5,20,1630
5917,0,5,1,3103
5918,1,2,12,1852
5919,1,1,0,1579
5920,0,2,1,252
5921,1,2,6,639
5922,1,6,3,3107
5923,1,2,7,252
5924,1,3,0,1912
5925,0,2,0,2756
5926,0,5,7,2198
5927,1,3,14,400
5928,1,4,1,627
5929,0,3,0,1220
5930,0,3,17,2480
5931,0,1,7,3058
5932,1,1,14,2758
5933,1,2,2,3383
5934,1,2,14,2413
5935,1,1,0,1259
5936,1,1,4,1284
5937,1,2,12,2081
5938,1,2,1,1265
5939,0,4,15,2404
5940,1,5,12,187
5941,0,2,0,2087
5942,1,4,1,65
5943,0,4,1,768
5944,0,1,10,985
5945,0,3,2,1262
5946,0,6,1,1901
5947,0,4,16,3292
5948,1,6,13,522
5949,1,1,17,1578
5950,1,2,4,763
5951,1,1,4,2392
5952,0,4,1,2462
5953,1,0,10,836
5954,1,4,11,2261
5955,0,2,7,1257
5956,0,1,4,107
5957,1,1,20,81
5958,1,4,14,3075
5959,0,1,4,631
5960,0,4,0,2256
5961,0,4,0,2498
5962,1,3,7,2543
5963,1,2,15,105
5964,1,1,5,3282
5965,1,2,17,2428
5966,0,3,9,414
5967,1,5,16,2295
5968,1,6,7,3352
5969,1,4,13,2444
5970,1,3,11,1928
5971,1,3,7,1701
5972,0,2,20,1920
5973,1,0,10,1815
5974,0,2,1,1143
5975,1,2,14,1851
5976,0,2,1,963
5977,1,3,1,2741
5978,1,3,1,1684
5979,1,2,1,1389
5980,1,6,1,1372
5981,1,3,7,57
5982,1,3,1,1956
5983,1,2,3,1033
5984,1,2,1,2092
5985,0,1,4,2485
5986,0,6,1,13
5987,1,2,16,400
5988,1,2,15,3034
5989,0,0,10,2312
5990,0,2,20,2762
5991,0,3,20,3036
5992,0,1,4,840
5993,0,5,20,1717
5994,1,3,1,1148
5995,0,3,1,620
5996,0,2,0,2692
5997,0,2,7,409
5998,1,1,4,2112
5999,0,2,1,1938
6000,1,4,17,1070
6001,0,2,7,3063
6002,1,5,0,1396
6003,0,4,17,2486
6004,0,2,15,1015
6005,0,2,5,1015
6006,0,0,0,10
6007,1,3,17,2565
6008,1,1,4,2484
6009,0,2,12,2063
6010,1,3,0,2512
6011,1,3,15,2566
6012,1,3,15,173
6013,0,2,20,1142
6014,1,4,1,2569
6015,0,2,9,2522
6016,1,4,1,1289
6017,0,3,7,845
6018,1,3,1,1671
6019,1,2,0,417
6020,1,5,16,416
6021,1,2,12,389
6022,1,2,17,1967
6023,1,2,0,1388
6024,1,2,12,1791
6025,0,2,1,1154
6026,1,3,6,470
6027,1,1,4,808
6028,1,1,4,3072
6029,0,2,1,915
6030,1,2,17,1156
6031,0,1,0,1477
6032,1,4,7,1855
6033,1,5,13,2463
6034,1,2,14,3063
6035,0,2,1,2490
6036,0,2,15,1152
6037,0,4,1,2367
6038,0,6,1,626
6039,0,4,0,13
6040,1,2,6,466
